-- MariaDB dump 10.19  Distrib 10.4.32-MariaDB, for Win64 (AMD64)
--
-- Host: 127.0.0.1    Database: resrva
-- ------------------------------------------------------
-- Server version	10.4.32-MariaDB

/*!40101 SET @OLD_CHARACTER_SET_CLIENT=@@CHARACTER_SET_CLIENT */;
/*!40101 SET @OLD_CHARACTER_SET_RESULTS=@@CHARACTER_SET_RESULTS */;
/*!40101 SET @OLD_COLLATION_CONNECTION=@@COLLATION_CONNECTION */;
/*!40101 SET NAMES utf8mb4 */;
/*!40103 SET @OLD_TIME_ZONE=@@TIME_ZONE */;
/*!40103 SET TIME_ZONE='+00:00' */;
/*!40014 SET @OLD_UNIQUE_CHECKS=@@UNIQUE_CHECKS, UNIQUE_CHECKS=0 */;
/*!40014 SET @OLD_FOREIGN_KEY_CHECKS=@@FOREIGN_KEY_CHECKS, FOREIGN_KEY_CHECKS=0 */;
/*!40101 SET @OLD_SQL_MODE=@@SQL_MODE, SQL_MODE='NO_AUTO_VALUE_ON_ZERO' */;
/*!40111 SET @OLD_SQL_NOTES=@@SQL_NOTES, SQL_NOTES=0 */;

--
-- Table structure for table `accounts`
--

DROP TABLE IF EXISTS `accounts`;
/*!40101 SET @saved_cs_client     = @@character_set_client */;
/*!40101 SET character_set_client = utf8 */;
CREATE TABLE `accounts` (
  `id` int(11) NOT NULL AUTO_INCREMENT,
  `business_name` varchar(160) NOT NULL,
  `plan` varchar(40) NOT NULL DEFAULT 'standard',
  `billing_status` varchar(40) NOT NULL DEFAULT 'active',
  `created_at` datetime NOT NULL,
  `updated_at` datetime NOT NULL,
  PRIMARY KEY (`id`)
) ENGINE=InnoDB AUTO_INCREMENT=6 DEFAULT CHARSET=utf8mb4 COLLATE=utf8mb4_unicode_ci;
/*!40101 SET character_set_client = @saved_cs_client */;

--
-- Dumping data for table `accounts`
--

LOCK TABLES `accounts` WRITE;
/*!40000 ALTER TABLE `accounts` DISABLE KEYS */;
INSERT INTO `accounts` VALUES (1,'Old Canberra Inn','standard','active','2026-06-10 22:01:02','2026-06-10 22:01:02'),(3,'Test Client','standard','active','2026-06-10 23:06:40','2026-06-10 23:06:40');
/*!40000 ALTER TABLE `accounts` ENABLE KEYS */;
UNLOCK TABLES;

--
-- Table structure for table `activity_logs`
--

DROP TABLE IF EXISTS `activity_logs`;
/*!40101 SET @saved_cs_client     = @@character_set_client */;
/*!40101 SET character_set_client = utf8 */;
CREATE TABLE `activity_logs` (
  `id` int(11) NOT NULL AUTO_INCREMENT,
  `venue_id` int(11) NOT NULL,
  `user_id` int(11) DEFAULT NULL,
  `action` varchar(60) NOT NULL,
  `entity_type` varchar(60) NOT NULL,
  `entity_id` int(11) DEFAULT NULL,
  `details_json` longtext CHARACTER SET utf8mb4 COLLATE utf8mb4_bin DEFAULT NULL CHECK (json_valid(`details_json`)),
  `created_at` datetime NOT NULL,
  PRIMARY KEY (`id`),
  KEY `fk_activity_user` (`user_id`),
  CONSTRAINT `fk_activity_user` FOREIGN KEY (`user_id`) REFERENCES `users` (`id`)
) ENGINE=InnoDB AUTO_INCREMENT=765 DEFAULT CHARSET=utf8mb4 COLLATE=utf8mb4_unicode_ci;
/*!40101 SET character_set_client = @saved_cs_client */;

--
-- Dumping data for table `activity_logs`
--

LOCK TABLES `activity_logs` WRITE;
/*!40000 ALTER TABLE `activity_logs` DISABLE KEYS */;
INSERT INTO `activity_logs` VALUES (1,1,1,'signed_in','user',1,'[]','2026-05-25 22:57:34'),(2,1,1,'signed_in','user',1,'[]','2026-05-25 23:07:08'),(3,1,1,'signed_in','user',1,'[]','2026-05-25 23:08:30'),(4,1,1,'created','booking',1,'{\"reference\":\"RSV-20260525-9167\",\"source\":\"manager\"}','2026-05-25 23:09:42'),(53,1,1,'signed_out','user',1,'[]','2026-05-26 10:49:45'),(54,1,1,'signed_in','user',1,'[]','2026-05-26 12:02:58'),(83,1,1,'signed_in','user',1,'[]','2026-05-26 12:41:06'),(84,1,1,'signed_in','user',1,'[]','2026-05-26 12:57:16'),(121,1,1,'signed_out','user',1,'[]','2026-05-26 13:01:40'),(122,1,1,'signed_in','user',1,'[]','2026-05-26 13:01:42'),(131,1,1,'signed_in','user',1,'[]','2026-05-26 13:02:33'),(140,1,1,'signed_in','user',1,'[]','2026-05-26 13:02:43'),(144,1,1,'signed_in','user',1,'[]','2026-05-26 13:02:58'),(149,1,1,'signed_in','user',1,'[]','2026-05-26 13:03:12'),(155,1,1,'signed_in','user',1,'[]','2026-05-26 13:03:42'),(156,1,1,'created','booking',2,'{\"reference\":\"RSV-20260526-4554\",\"source\":\"manager\"}','2026-05-26 13:08:18'),(157,1,1,'updated','booking',1,'{\"status\":\"seated\"}','2026-05-26 13:13:25'),(158,1,1,'signed_in','user',1,'[]','2026-05-26 13:16:50'),(159,1,1,'updated','booking',1,'{\"status\":\"confirmed\"}','2026-05-26 13:16:50'),(160,1,1,'updated','booking',1,'{\"status\":\"confirmed\"}','2026-05-26 13:19:32'),(161,1,1,'updated','booking',1,'{\"status\":\"seated\"}','2026-05-26 13:20:34'),(162,1,1,'created','booking',3,'{\"reference\":\"RSV-20260526-6697\",\"source\":\"manager\"}','2026-05-26 13:25:04'),(163,1,NULL,'created','booking',4,'{\"reference\":\"RSV-20260526-2635\",\"source\":\"public\"}','2026-05-26 13:49:17'),(164,1,1,'signed_out','user',1,'[]','2026-05-26 13:50:25'),(165,1,1,'signed_in','user',1,'[]','2026-05-26 13:58:47'),(166,1,NULL,'created','booking',5,'{\"reference\":\"RSV-20260526-9304\",\"source\":\"public\"}','2026-05-26 14:00:34'),(167,1,NULL,'created','function_request',6,'{\"reference\":\"RSV-20260526-3863\",\"source\":\"public\"}','2026-05-26 14:01:31'),(168,1,NULL,'created','booking',7,'{\"reference\":\"RSV-20260526-2644\",\"source\":\"public\"}','2026-05-26 14:05:55'),(169,1,NULL,'created','booking',8,'{\"reference\":\"RSV-20260526-9499\",\"source\":\"public\"}','2026-05-26 14:13:44'),(170,1,NULL,'created','booking',9,'{\"reference\":\"RSV-20260526-3192\",\"source\":\"public\"}','2026-05-26 15:21:44'),(171,1,NULL,'created','booking',10,'{\"reference\":\"RSV-20260526-3216\",\"source\":\"public\"}','2026-05-26 15:24:19'),(172,1,NULL,'created','function_request',11,'{\"reference\":\"RSV-20260526-9108\",\"source\":\"public\"}','2026-05-26 15:24:45'),(173,1,1,'updated','booking',5,'{\"status\":\"completed\"}','2026-05-26 15:35:12'),(174,1,1,'updated','booking',7,'{\"status\":\"completed\"}','2026-05-26 15:35:14'),(175,1,1,'updated','booking',5,'{\"status\":\"seated\"}','2026-05-26 15:37:08'),(176,1,1,'updated','booking',5,'{\"status\":\"confirmed\"}','2026-05-26 15:37:11'),(177,1,1,'updated','booking',5,'{\"status\":\"confirmed\"}','2026-05-26 15:49:10'),(178,1,1,'updated','booking',8,'{\"status\":\"seated\"}','2026-05-26 16:01:45'),(179,1,1,'updated','booking',8,'{\"status\":\"completed\"}','2026-05-26 16:01:46'),(180,1,1,'updated','booking',8,'{\"status\":\"no_show\"}','2026-05-26 16:01:48'),(181,1,1,'updated','booking',2,'{\"status\":\"confirmed\"}','2026-05-26 16:50:31'),(182,1,1,'created','booking',12,'{\"reference\":\"RSV-20260526-6520\",\"source\":\"manager\"}','2026-05-26 16:51:24'),(183,1,1,'created','booking',13,'{\"reference\":\"RSV-20260526-6239\",\"source\":\"manager\"}','2026-05-26 17:00:05'),(184,1,1,'updated','booking',6,'{\"status\":\"approved\"}','2026-05-26 17:04:23'),(185,1,1,'updated','booking',6,'{\"status\":\"approved\"}','2026-05-26 17:04:46'),(186,1,1,'created','booking',14,'{\"reference\":\"RSV-20260527-6644\",\"source\":\"manager\"}','2026-05-27 09:12:19'),(187,1,1,'created','function_booking',15,'{\"reference\":\"RSV-20260527-6422\"}','2026-05-27 09:39:51'),(188,1,NULL,'created','booking',16,'{\"reference\":\"RSV-20260527-1840\",\"source\":\"public\"}','2026-05-27 09:41:30'),(189,1,1,'signed_out','user',1,'[]','2026-05-27 09:42:43'),(190,1,NULL,'created','function_request',17,'{\"reference\":\"RSV-20260527-5566\",\"source\":\"public\"}','2026-05-27 09:45:46'),(191,1,1,'signed_in','user',1,'[]','2026-05-27 09:45:52'),(192,1,1,'signed_in','user',1,'[]','2026-05-27 14:10:03'),(193,1,1,'signed_in','user',1,'[]','2026-05-27 14:11:51'),(194,1,1,'created','booking',18,'{\"reference\":\"RSV-20260527-8400\",\"source\":\"manager\"}','2026-05-27 14:22:09'),(195,1,1,'updated','table',39,'[]','2026-05-27 14:40:06'),(196,1,1,'updated','table',39,'[]','2026-05-27 15:04:34'),(197,1,1,'deleted','table',24,'[]','2026-05-27 15:11:56'),(198,1,1,'created','table',74,'[]','2026-05-27 15:12:07'),(199,1,1,'updated','area',1,'[]','2026-05-27 15:20:31'),(200,1,1,'updated','area',1,'[]','2026-05-27 15:20:36'),(201,1,1,'updated','booking',1,'{\"status\":\"confirmed\"}','2026-05-27 15:21:26'),(202,1,1,'updated','booking',15,'{\"status\":\"confirmed\"}','2026-05-27 15:29:04'),(203,1,1,'updated','booking',15,'{\"status\":\"confirmed\"}','2026-05-27 15:29:12'),(204,1,1,'updated','table',1,'[]','2026-05-27 15:48:58'),(205,1,1,'updated','booking',15,'{\"status\":\"confirmed\"}','2026-05-27 15:52:39'),(206,1,1,'created','function_booking',19,'{\"reference\":\"RSV-20260527-7195\"}','2026-05-27 15:54:08'),(207,1,1,'created','function_booking',20,'{\"reference\":\"RSV-20260527-1537\"}','2026-05-27 15:55:46'),(208,1,1,'created','function_booking',21,'{\"reference\":\"RSV-20260527-4478\"}','2026-05-27 16:04:43'),(209,1,1,'blocked_online_bookings','date',NULL,'{\"date\":\"2026-05-26\"}','2026-05-27 16:48:23'),(210,1,1,'unblocked_online_bookings','date',NULL,'{\"date\":\"2026-05-26\"}','2026-05-27 16:48:26'),(211,1,1,'updated','settings',NULL,'{\"venue_image_url\":\"http://127.0.0.1:8000/uploads/venue/venue-20260527-170431-3d0a70bf.webp\"}','2026-05-27 17:04:31'),(212,1,1,'updated','settings',NULL,'{\"venue_image_url\":\"http://127.0.0.1:8000/uploads/venue/venue-20260527-170440-9eec8e9b.jpg\"}','2026-05-27 17:04:40'),(213,1,1,'updated','table',2,'[]','2026-05-27 17:09:35'),(214,1,1,'updated','table',2,'[]','2026-05-27 17:09:40'),(215,1,1,'updated','table',3,'[]','2026-05-27 17:09:45'),(216,1,1,'updated','table',4,'[]','2026-05-27 17:09:48'),(217,1,1,'updated','table',5,'[]','2026-05-27 17:09:52'),(218,1,1,'updated','table',6,'[]','2026-05-27 17:09:55'),(219,1,1,'updated','table',9,'[]','2026-05-27 17:09:59'),(220,1,1,'updated','table',10,'[]','2026-05-27 17:10:02'),(221,1,1,'updated','table',12,'[]','2026-05-27 17:10:07'),(222,1,1,'updated','table',13,'[]','2026-05-27 17:10:10'),(223,1,1,'updated','table',14,'[]','2026-05-27 17:10:12'),(224,1,1,'updated','table',17,'[]','2026-05-27 17:10:17'),(225,1,1,'updated','table',18,'[]','2026-05-27 17:10:19'),(226,1,1,'updated','table',19,'[]','2026-05-27 17:10:22'),(227,1,1,'updated','table',20,'[]','2026-05-27 17:10:26'),(228,1,1,'updated','table',21,'[]','2026-05-27 17:10:29'),(229,1,1,'updated','table',22,'[]','2026-05-27 17:10:32'),(230,1,1,'updated','table',23,'[]','2026-05-27 17:10:35'),(231,1,1,'updated','table',74,'[]','2026-05-27 17:10:37'),(232,1,1,'updated','table',29,'[]','2026-05-27 17:10:40'),(233,1,1,'updated','table',25,'[]','2026-05-27 17:10:43'),(234,1,1,'deleted','table',39,'[]','2026-05-27 17:10:54'),(235,1,1,'updated','table',61,'[]','2026-05-27 17:11:09'),(236,1,1,'updated','table',62,'[]','2026-05-27 17:11:15'),(237,1,1,'updated','table',63,'[]','2026-05-27 17:11:19'),(238,1,1,'updated','table',64,'[]','2026-05-27 17:11:22'),(239,1,1,'updated','table',65,'[]','2026-05-27 17:11:25'),(240,1,1,'updated','table',66,'[]','2026-05-27 17:11:28'),(241,1,1,'updated','table',67,'[]','2026-05-27 17:11:32'),(242,1,1,'updated','table',68,'[]','2026-05-27 17:11:35'),(243,1,1,'updated','table',69,'[]','2026-05-27 17:11:39'),(244,1,1,'updated','table',70,'[]','2026-05-27 17:11:42'),(245,1,1,'updated','table',71,'[]','2026-05-27 17:11:45'),(246,1,1,'updated','table',72,'[]','2026-05-27 17:11:49'),(247,1,1,'updated','table',73,'[]','2026-05-27 17:11:52'),(248,1,1,'updated','table',11,'[]','2026-05-27 17:12:08'),(249,1,1,'updated','booking',13,'{\"status\":\"completed\"}','2026-05-27 17:14:18'),(250,1,1,'updated','booking',13,'{\"status\":\"confirmed\"}','2026-05-27 17:14:21'),(251,1,1,'signed_in','user',1,'[]','2026-05-27 18:28:40'),(252,1,1,'created','booking',22,'{\"reference\":\"RSV-20260527-8612\",\"source\":\"manager\"}','2026-05-27 18:35:42'),(253,1,1,'signed_in','user',1,'[]','2026-05-27 18:49:22'),(254,1,1,'signed_in','user',1,'[]','2026-05-27 18:49:53'),(255,1,1,'created','user',2,'[]','2026-05-27 18:55:24'),(256,1,1,'signed_out','user',1,'[]','2026-05-27 18:55:29'),(257,1,2,'signed_in','user',2,'[]','2026-05-27 18:55:39'),(258,1,2,'created','function_booking',23,'{\"reference\":\"RSV-20260527-7078\"}','2026-05-27 19:01:29'),(259,1,2,'updated','booking',23,'{\"status\":\"confirmed\"}','2026-05-27 19:02:28'),(260,1,1,'signed_in','user',1,'[]','2026-05-27 19:02:44'),(261,1,1,'updated','profile',1,'[]','2026-05-27 19:02:44'),(262,1,2,'created','booking',24,'{\"reference\":\"RSV-20260527-9857\",\"source\":\"manager\"}','2026-05-27 19:03:15'),(263,1,2,'created','booking',25,'{\"reference\":\"RSV-20260527-6968\",\"source\":\"manager\"}','2026-05-27 19:03:46'),(264,1,2,'updated','profile',2,'{\"avatar_url\":\"http://127.0.0.1:8000/uploads/users/user-2-20260527-191326-f0496911.jpg\"}','2026-05-27 19:13:26'),(265,1,2,'updated','profile',2,'[]','2026-05-27 19:13:28'),(266,1,2,'signed_out','user',2,'[]','2026-05-27 19:20:55'),(267,1,1,'signed_in','user',1,'[]','2026-05-27 19:21:13'),(268,1,1,'updated','booking',15,'{\"status\":\"confirmed\"}','2026-05-27 19:25:05'),(269,1,1,'blocked_online_bookings','date',NULL,'{\"date\":\"2026-06-05\"}','2026-05-27 19:26:24'),(270,1,1,'created','table',75,'[]','2026-05-27 19:26:59'),(271,1,1,'deleted','table',75,'[]','2026-05-27 19:27:24'),(272,1,NULL,'created','booking',26,'{\"reference\":\"RSV-20260527-3921\",\"source\":\"public\"}','2026-05-27 19:30:22'),(273,1,1,'signed_out','user',1,'[]','2026-05-27 19:37:03'),(274,1,1,'signed_in','user',1,'[]','2026-05-27 19:37:07'),(275,1,1,'updated','booking',15,'{\"status\":\"confirmed\"}','2026-05-27 19:47:51'),(276,1,1,'logged_ai_reply','booking',15,'{\"email_log_id\":29}','2026-05-27 20:04:33'),(277,1,1,'drafted_ai_reply','booking',15,'{\"purpose\":\"decline\",\"provider\":\"local_ai\"}','2026-05-27 20:06:08'),(278,1,1,'drafted_ai_reply','booking',15,'{\"purpose\":\"confirm\",\"provider\":\"local_ai\"}','2026-05-27 20:06:23'),(279,1,1,'drafted_ai_reply','booking',15,'{\"purpose\":\"request_info\",\"provider\":\"local_ai\"}','2026-05-27 20:06:33'),(280,1,1,'drafted_ai_reply','booking',15,'{\"purpose\":\"update\",\"provider\":\"local_ai\"}','2026-05-27 20:06:58'),(281,1,1,'drafted_ai_reply','booking',20,'{\"purpose\":\"confirm\",\"provider\":\"local_ai\"}','2026-05-27 20:07:13'),(282,1,1,'drafted_ai_reply','booking',20,'{\"purpose\":\"decline\",\"provider\":\"local_ai\"}','2026-05-27 20:07:30'),(283,1,1,'drafted_ai_reply','booking',20,'{\"purpose\":\"decline\",\"provider\":\"local_ai\"}','2026-05-27 20:07:40'),(284,1,1,'drafted_ai_reply','booking',20,'{\"purpose\":\"decline\",\"provider\":\"local_ai\"}','2026-05-27 20:07:55'),(285,1,1,'drafted_ai_reply','booking',15,'{\"purpose\":\"confirm\",\"provider\":\"local_ai\"}','2026-05-27 20:08:14'),(286,1,1,'drafted_ai_reply','booking',15,'{\"purpose\":\"confirm\",\"provider\":\"local_ai\"}','2026-05-27 20:08:38'),(287,1,1,'drafted_ai_reply','booking',15,'{\"purpose\":\"decline\",\"provider\":\"local_ai\"}','2026-05-27 20:08:45'),(288,1,1,'drafted_ai_reply','booking',15,'{\"purpose\":\"confirm\",\"provider\":\"local_ai\"}','2026-05-27 20:09:23'),(289,1,1,'logged_ai_reply','booking',15,'{\"email_log_id\":30}','2026-05-27 20:09:35'),(290,1,1,'drafted_ai_reply','booking',15,'{\"purpose\":\"confirm\",\"provider\":\"local_ai\"}','2026-05-27 20:09:47'),(291,1,1,'drafted_ai_reply','booking',15,'{\"purpose\":\"confirm\",\"provider\":\"local_ai\"}','2026-05-27 20:09:59'),(292,1,1,'drafted_ai_reply','booking',15,'{\"purpose\":\"confirm\",\"provider\":\"local_ai\"}','2026-05-27 20:10:27'),(293,1,1,'drafted_ai_reply','booking',15,'{\"purpose\":\"confirm\",\"provider\":\"local_ai\"}','2026-05-27 20:10:56'),(294,1,1,'drafted_ai_reply','booking',15,'{\"purpose\":\"confirm\",\"provider\":\"local_ai\"}','2026-05-27 20:11:11'),(295,1,1,'drafted_ai_reply','booking',15,'{\"purpose\":\"update\",\"provider\":\"local_ai\"}','2026-05-27 20:11:23'),(296,1,1,'drafted_ai_reply','booking',15,'{\"purpose\":\"decline\",\"provider\":\"local_ai\"}','2026-05-27 20:11:29'),(297,1,1,'drafted_ai_reply','booking',15,'{\"purpose\":\"request_info\",\"provider\":\"local_ai\"}','2026-05-27 20:11:36'),(298,1,1,'drafted_ai_reply','booking',15,'{\"purpose\":\"confirm\",\"provider\":\"local_ai\"}','2026-05-27 20:11:49'),(299,1,1,'drafted_ai_reply','booking',15,'{\"purpose\":\"confirm\",\"provider\":\"local_ai\"}','2026-05-27 20:11:56'),(300,1,1,'drafted_ai_reply','booking',15,'{\"purpose\":\"confirm\",\"provider\":\"local_ai\"}','2026-05-27 20:12:16'),(301,1,1,'drafted_ai_reply','booking',15,'{\"purpose\":\"confirm\",\"provider\":\"local_ai\"}','2026-05-27 20:12:26'),(302,1,1,'drafted_ai_reply','booking',15,'{\"purpose\":\"update\",\"provider\":\"local_ai\"}','2026-05-27 20:12:35'),(303,1,1,'drafted_ai_reply','booking',15,'{\"purpose\":\"confirm\",\"provider\":\"local_ai\"}','2026-05-27 20:14:03'),(304,1,1,'drafted_ai_reply','booking',15,'{\"purpose\":\"confirm\",\"provider\":\"local_ai\"}','2026-05-27 20:14:14'),(305,1,1,'drafted_ai_reply','booking',20,'{\"purpose\":\"confirm\",\"provider\":\"local_ai\"}','2026-05-27 20:14:36'),(306,1,1,'updated','booking',20,'{\"status\":\"pending\"}','2026-05-27 20:14:52'),(307,1,1,'updated','booking',20,'{\"status\":\"declined\"}','2026-05-27 20:14:59'),(308,1,1,'drafted_ai_reply','booking',20,'{\"purpose\":\"decline\",\"provider\":\"local_ai\"}','2026-05-27 20:15:44'),(309,1,1,'logged_ai_reply','booking',20,'{\"email_log_id\":31}','2026-05-27 20:15:46'),(310,1,1,'updated','booking',15,'{\"status\":\"confirmed\"}','2026-05-27 20:17:39'),(311,1,1,'drafted_ai_reply','booking',15,'{\"purpose\":\"confirm\",\"provider\":\"local_ai\"}','2026-05-27 20:17:43'),(312,1,1,'drafted_ai_reply','booking',15,'{\"purpose\":\"confirm\",\"provider\":\"local_ai\"}','2026-05-27 20:18:20'),(313,1,1,'drafted_ai_reply','booking',15,'{\"purpose\":\"confirm\",\"provider\":\"local_ai\"}','2026-05-27 20:18:27'),(314,1,1,'drafted_ai_reply','booking',15,'{\"purpose\":\"confirm\",\"provider\":\"local_ai\"}','2026-05-27 20:18:39'),(315,1,1,'drafted_ai_reply','booking',15,'{\"purpose\":\"update\",\"provider\":\"local_ai\"}','2026-05-27 20:18:59'),(316,1,1,'drafted_ai_reply','booking',15,'{\"purpose\":\"update\",\"provider\":\"local_ai\"}','2026-05-27 20:19:13'),(317,1,1,'drafted_ai_reply','booking',15,'{\"purpose\":\"update\",\"provider\":\"local_ai\"}','2026-05-27 20:19:27'),(318,1,1,'drafted_ai_reply','booking',15,'{\"purpose\":\"update\",\"provider\":\"local_ai\"}','2026-05-27 20:19:54'),(319,1,1,'drafted_ai_reply','booking',15,'{\"purpose\":\"confirm\",\"provider\":\"local_ai\"}','2026-05-27 20:21:07'),(320,1,1,'drafted_ai_reply','booking',15,'{\"purpose\":\"confirm\",\"provider\":\"local_ai\"}','2026-05-27 20:21:10'),(321,1,1,'drafted_ai_reply','booking',15,'{\"purpose\":\"update\",\"provider\":\"local_ai\"}','2026-05-27 20:21:20'),(322,1,1,'drafted_ai_reply','booking',15,'{\"purpose\":\"confirm\",\"provider\":\"local_ai\"}','2026-05-27 20:21:47'),(323,1,1,'updated','booking',15,'{\"status\":\"confirmed\"}','2026-05-27 20:21:58'),(324,1,1,'drafted_ai_reply','booking',15,'{\"purpose\":\"confirm\",\"provider\":\"local_ai\"}','2026-05-27 20:22:09'),(325,1,1,'drafted_ai_reply','booking',15,'{\"purpose\":\"confirm\",\"provider\":\"local_ai\"}','2026-05-27 20:22:24'),(326,1,1,'drafted_ai_reply','booking',15,'{\"purpose\":\"request_info\",\"provider\":\"local_ai\"}','2026-05-27 20:22:53'),(327,1,1,'drafted_ai_reply','booking',15,'{\"purpose\":\"confirm\",\"provider\":\"local_ai\"}','2026-05-27 20:23:35'),(328,1,1,'drafted_ai_reply','booking',15,'{\"purpose\":\"confirm\",\"provider\":\"local_ai\"}','2026-05-27 20:25:52'),(329,1,1,'drafted_ai_reply','booking',15,'{\"purpose\":\"confirm\",\"provider\":\"local_ai\"}','2026-05-27 20:27:07'),(330,1,1,'updated','booking',17,'{\"status\":\"approved\"}','2026-05-27 20:27:42'),(331,1,1,'drafted_ai_reply','booking',17,'{\"purpose\":\"confirm\",\"provider\":\"local_ai\"}','2026-05-27 20:27:44'),(332,1,1,'drafted_ai_reply','booking',17,'{\"purpose\":\"confirm\",\"provider\":\"local_ai\"}','2026-05-27 20:28:07'),(333,1,1,'drafted_ai_reply','booking',15,'{\"purpose\":\"confirm\",\"provider\":\"local_ai\"}','2026-05-27 20:28:44'),(334,1,1,'drafted_ai_reply','booking',15,'{\"purpose\":\"confirm\",\"provider\":\"local_ai\"}','2026-05-27 20:29:35'),(335,1,1,'drafted_ai_reply','booking',15,'{\"purpose\":\"confirm\",\"provider\":\"local_ai\"}','2026-05-27 20:29:48'),(336,1,1,'drafted_ai_reply','booking',15,'{\"purpose\":\"confirm\",\"provider\":\"local_ai\"}','2026-05-27 20:30:09'),(337,1,1,'drafted_ai_reply','booking',15,'{\"purpose\":\"confirm\",\"provider\":\"local_ai\"}','2026-05-27 20:30:39'),(338,1,1,'updated','booking',15,'{\"status\":\"confirmed\"}','2026-05-27 20:31:08'),(339,1,1,'drafted_ai_reply','booking',15,'{\"purpose\":\"confirm\",\"provider\":\"local_ai\"}','2026-05-27 20:31:20'),(340,1,1,'updated','booking',15,'{\"status\":\"declined\"}','2026-05-27 20:33:57'),(341,1,1,'drafted_ai_reply','booking',15,'{\"purpose\":\"decline\",\"provider\":\"local_ai\"}','2026-05-27 20:34:01'),(342,1,1,'updated','booking',15,'{\"status\":\"declined\"}','2026-05-27 20:34:08'),(343,1,1,'drafted_ai_reply','booking',15,'{\"purpose\":\"decline\",\"provider\":\"local_ai\"}','2026-05-27 20:34:10'),(344,1,1,'drafted_ai_reply','booking',15,'{\"purpose\":\"decline\",\"provider\":\"local_ai\"}','2026-05-27 20:34:25'),(345,1,1,'updated','booking',15,'{\"status\":\"declined\"}','2026-05-27 20:35:08'),(346,1,1,'updated','booking',15,'{\"status\":\"confirmed\"}','2026-05-27 20:38:04'),(347,1,1,'drafted_ai_reply','booking',15,'{\"purpose\":\"confirm\",\"provider\":\"local_ai\"}','2026-05-27 20:42:25'),(348,1,1,'updated','booking',15,'{\"status\":\"declined\"}','2026-05-27 20:42:54'),(349,1,1,'drafted_ai_reply','booking',15,'{\"purpose\":\"decline\",\"provider\":\"local_ai\"}','2026-05-27 20:42:58'),(350,1,1,'drafted_ai_reply','booking',15,'{\"purpose\":\"decline\",\"provider\":\"local_ai\"}','2026-05-27 20:42:58'),(351,1,1,'logged_ai_reply','booking',15,'{\"email_log_id\":34}','2026-05-27 20:43:05'),(352,1,1,'updated','booking',15,'{\"status\":\"confirmed\"}','2026-05-27 20:43:11'),(353,1,1,'drafted_ai_reply','booking',15,'{\"purpose\":\"confirm\",\"provider\":\"local_ai\"}','2026-05-27 20:43:17'),(354,1,1,'logged_ai_reply','booking',15,'{\"email_log_id\":35}','2026-05-27 20:43:22'),(355,1,1,'drafted_ai_reply','booking',15,'{\"purpose\":\"confirm\",\"provider\":\"local_ai\"}','2026-05-27 20:43:51'),(356,1,1,'drafted_ai_reply','booking',15,'{\"purpose\":\"confirm\",\"provider\":\"local_ai\"}','2026-05-27 20:44:09'),(357,1,1,'updated','booking',21,'{\"status\":\"pending\"}','2026-05-27 20:51:11'),(358,1,1,'updated','booking',21,'{\"status\":\"confirmed\"}','2026-05-27 20:51:36'),(359,1,1,'drafted_ai_reply','booking',21,'{\"purpose\":\"confirm\",\"provider\":\"local_ai\"}','2026-05-27 20:51:47'),(360,1,1,'drafted_ai_reply','booking',21,'{\"purpose\":\"confirm\",\"provider\":\"local_ai\"}','2026-05-27 20:51:47'),(361,1,1,'drafted_ai_reply','booking',21,'{\"purpose\":\"confirm\",\"provider\":\"local_ai\"}','2026-05-27 20:52:23'),(362,1,1,'drafted_ai_reply','booking',21,'{\"purpose\":\"confirm\",\"provider\":\"local_ai\"}','2026-05-27 20:52:37'),(363,1,1,'logged_ai_reply','booking',21,'{\"email_log_id\":36}','2026-05-27 20:52:43'),(364,1,NULL,'created','booking',27,'{\"reference\":\"RSV-20260527-1350\",\"source\":\"public\"}','2026-05-27 20:56:05'),(365,1,1,'updated','settings',NULL,'[]','2026-05-27 20:58:51'),(366,1,1,'signed_out','user',1,'[]','2026-05-27 21:05:51'),(367,1,1,'signed_in','user',1,'[]','2026-05-27 21:05:57'),(368,1,1,'signed_out','user',1,'[]','2026-05-27 21:07:37'),(369,1,1,'signed_in','user',1,'[]','2026-05-27 21:07:43'),(370,1,1,'drafted_ai_reply','booking',15,'{\"purpose\":\"confirm\",\"provider\":\"local_ai\"}','2026-05-28 00:17:44'),(371,1,1,'drafted_ai_reply','booking',15,'{\"purpose\":\"confirm\",\"provider\":\"local_ai\"}','2026-05-28 00:17:53'),(372,1,1,'logged_ai_reply','booking',15,'{\"email_log_id\":38}','2026-05-28 00:17:59'),(373,1,1,'created','booking',28,'{\"reference\":\"RSV-20260528-1917\",\"source\":\"manager\"}','2026-05-28 11:50:03'),(374,1,1,'created','booking',29,'{\"reference\":\"RSV-20260528-2040\",\"source\":\"manager\"}','2026-05-28 11:50:34'),(375,1,1,'created','function_booking',30,'{\"reference\":\"RSV-20260528-7032\"}','2026-05-28 11:51:02'),(376,1,1,'updated','booking',20,'{\"status\":\"confirmed\"}','2026-05-28 11:51:15'),(377,1,1,'created','booking',31,'{\"reference\":\"RSV-20260528-2995\",\"source\":\"manager\"}','2026-05-28 12:01:10'),(378,1,1,'updated','booking',30,'{\"status\":\"confirmed\"}','2026-05-28 12:07:17'),(379,1,1,'drafted_ai_reply','booking',30,'{\"purpose\":\"confirm\",\"provider\":\"local_ai\"}','2026-05-28 12:07:24'),(380,1,1,'drafted_ai_reply','booking',30,'{\"purpose\":\"confirm\",\"provider\":\"local_ai\"}','2026-05-28 12:07:24'),(381,1,1,'drafted_ai_reply','booking',30,'{\"purpose\":\"confirm\",\"provider\":\"local_ai\"}','2026-05-28 12:07:43'),(382,1,1,'drafted_ai_reply','booking',30,'{\"purpose\":\"confirm\",\"provider\":\"local_ai\"}','2026-05-28 12:07:43'),(383,1,1,'drafted_ai_reply','booking',30,'{\"purpose\":\"confirm\",\"provider\":\"local_ai\"}','2026-05-28 12:07:43'),(384,1,1,'drafted_ai_reply','booking',30,'{\"purpose\":\"confirm\",\"provider\":\"local_ai\"}','2026-05-28 12:07:43'),(385,1,1,'drafted_ai_reply','booking',30,'{\"purpose\":\"confirm\",\"provider\":\"local_ai\"}','2026-05-28 12:07:44'),(386,1,1,'drafted_ai_reply','booking',30,'{\"purpose\":\"confirm\",\"provider\":\"local_ai\"}','2026-05-28 12:07:44'),(387,1,1,'drafted_ai_reply','booking',30,'{\"purpose\":\"confirm\",\"provider\":\"local_ai\"}','2026-05-28 12:07:44'),(388,1,1,'drafted_ai_reply','booking',30,'{\"purpose\":\"confirm\",\"provider\":\"local_ai\"}','2026-05-28 12:07:44'),(389,1,1,'drafted_ai_reply','booking',30,'{\"purpose\":\"confirm\",\"provider\":\"local_ai\"}','2026-05-28 12:07:44'),(390,1,1,'drafted_ai_reply','booking',30,'{\"purpose\":\"confirm\",\"provider\":\"local_ai\"}','2026-05-28 12:07:44'),(391,1,1,'drafted_ai_reply','booking',30,'{\"purpose\":\"confirm\",\"provider\":\"local_ai\"}','2026-05-28 12:07:44'),(392,1,1,'drafted_ai_reply','booking',30,'{\"purpose\":\"confirm\",\"provider\":\"local_ai\"}','2026-05-28 12:07:44'),(393,1,1,'drafted_ai_reply','booking',30,'{\"purpose\":\"confirm\",\"provider\":\"local_ai\"}','2026-05-28 12:07:44'),(394,1,1,'drafted_ai_reply','booking',30,'{\"purpose\":\"confirm\",\"provider\":\"local_ai\"}','2026-05-28 12:07:44'),(395,1,1,'drafted_ai_reply','booking',30,'{\"purpose\":\"confirm\",\"provider\":\"local_ai\"}','2026-05-28 12:07:45'),(396,1,1,'drafted_ai_reply','booking',30,'{\"purpose\":\"confirm\",\"provider\":\"local_ai\"}','2026-05-28 12:07:45'),(397,1,1,'drafted_ai_reply','booking',30,'{\"purpose\":\"confirm\",\"provider\":\"local_ai\"}','2026-05-28 12:07:48'),(398,1,1,'drafted_ai_reply','booking',30,'{\"purpose\":\"confirm\",\"provider\":\"local_ai\"}','2026-05-28 12:07:53'),(399,1,1,'signed_out','user',1,'[]','2026-05-28 12:09:11'),(400,1,1,'signed_in','user',1,'[]','2026-05-28 12:09:31'),(401,1,1,'signed_out','user',1,'[]','2026-05-28 12:09:37'),(402,1,1,'signed_in','user',1,'[]','2026-05-28 12:14:57'),(403,1,1,'updated','table',18,'[]','2026-05-28 12:22:04'),(404,1,NULL,'created','booking',32,'{\"reference\":\"RSV-20260528-3616\",\"source\":\"public\"}','2026-05-28 12:23:25'),(405,1,1,'drafted_ai_reply','booking',30,'{\"purpose\":\"confirm\",\"provider\":\"local_ai\"}','2026-05-28 12:52:45'),(406,1,1,'signed_in','user',1,'[]','2026-06-10 14:32:33'),(407,1,1,'created','booking',33,'{\"reference\":\"RSV-20260610-9637\",\"source\":\"manager\"}','2026-06-10 15:09:33'),(408,1,1,'updated','booking_type',4,'{\"name\":\"Trivia Night\"}','2026-06-10 15:38:45'),(409,1,NULL,'created','event_booking',34,'{\"reference\":\"RSV-20260610-5768\",\"booking_type_id\":4}','2026-06-10 15:40:04'),(410,1,NULL,'created','event_booking',35,'{\"reference\":\"RSV-20260610-7560\",\"booking_type_id\":4}','2026-06-10 15:40:55'),(411,1,1,'signed_in','user',1,'[]','2026-06-10 15:48:21'),(412,1,1,'signed_in','user',1,'[]','2026-06-10 15:49:40'),(413,1,1,'updated','booking_type',4,'{\"name\":\"Trivia Night\"}','2026-06-10 15:54:34'),(414,1,1,'updated','booking_type',4,'{\"name\":\"Trivia Night\"}','2026-06-10 15:58:50'),(415,1,1,'updated','booking_type',2,'{\"name\":\"Dinner\"}','2026-06-10 16:00:03'),(416,1,1,'updated','booking_type',2,'{\"name\":\"Dinner\"}','2026-06-10 16:05:56'),(417,1,1,'updated','booking_type',1,'{\"name\":\"Lunch\"}','2026-06-10 16:06:24'),(418,1,1,'updated','booking_type',2,'{\"name\":\"Dinner\"}','2026-06-10 16:06:42'),(419,1,1,'updated','booking_type',1,'{\"name\":\"Lunch\"}','2026-06-10 16:07:14'),(420,1,1,'updated','booking_type',2,'{\"name\":\"Dinner\"}','2026-06-10 16:07:23'),(421,1,1,'updated','booking_type',4,'{\"name\":\"Trivia\"}','2026-06-10 16:10:08'),(422,1,1,'created','booking_type',5,'{\"name\":\"Test\"}','2026-06-10 16:35:09'),(423,1,1,'updated','booking_type',4,'{\"name\":\"Trivia\"}','2026-06-10 16:36:30'),(424,1,1,'updated','booking_type',5,'{\"name\":\"Test\"}','2026-06-10 16:38:01'),(425,1,NULL,'created','event_booking',36,'{\"reference\":\"RSV-20260610-8810\",\"booking_type_id\":5}','2026-06-10 16:38:22'),(426,1,1,'updated','booking_type',4,'{\"name\":\"Trivia\"}','2026-06-10 17:03:22'),(427,1,1,'updated','booking',35,'{\"status\":\"confirmed\"}','2026-06-10 17:03:37'),(428,1,1,'updated','booking_type',4,'{\"name\":\"Trivia\"}','2026-06-10 17:10:07'),(429,1,1,'updated','booking_type',4,'{\"name\":\"Trivia\"}','2026-06-10 17:27:00'),(430,1,1,'updated','booking_type',1,'{\"name\":\"Lunch\"}','2026-06-10 17:34:03'),(431,1,1,'updated','booking_type',1,'{\"name\":\"Lunch\"}','2026-06-10 17:34:18'),(432,1,1,'updated','booking_type',1,'{\"name\":\"Lunch\"}','2026-06-10 17:49:01'),(433,1,1,'updated','booking_type',2,'{\"name\":\"Dinner\"}','2026-06-10 17:49:30'),(434,1,1,'updated','booking_type',3,'{\"name\":\"Function Enquiry\"}','2026-06-10 17:52:01'),(435,1,NULL,'created','event_booking',37,'{\"reference\":\"RSV-20260610-8707\",\"booking_type_id\":4}','2026-06-10 18:01:42'),(436,1,1,'updated','booking_type',4,'{\"name\":\"Trivia\"}','2026-06-10 18:06:13'),(437,1,1,'updated','booking_type',4,'{\"name\":\"Trivia\"}','2026-06-10 18:06:27'),(438,1,1,'updated','booking_type',3,'{\"name\":\"Function\"}','2026-06-10 18:52:03'),(439,1,1,'updated','booking_type',4,'{\"name\":\"Trivia\"}','2026-06-10 18:53:07'),(440,1,1,'updated','booking_type',3,'{\"name\":\"Function\"}','2026-06-10 19:50:51'),(441,1,1,'updated','booking_type',1,'{\"name\":\"Lunch\"}','2026-06-10 19:51:15'),(442,1,1,'updated','booking_type',1,'{\"name\":\"Lunch\"}','2026-06-10 19:51:33'),(443,1,1,'updated','booking_type',3,'{\"name\":\"Function\"}','2026-06-10 20:00:44'),(444,1,1,'drafted_ai_reply','booking',35,'{\"purpose\":\"confirm\",\"provider\":\"local_ai\"}','2026-06-10 20:11:11'),(445,1,1,'created','function_booking',38,'{\"reference\":\"RSV-20260610-5039\"}','2026-06-10 20:13:33'),(446,1,1,'updated','booking',38,'{\"status\":\"pending\"}','2026-06-10 20:13:43'),(447,1,1,'updated','booking',38,'{\"status\":\"confirmed\"}','2026-06-10 20:13:49'),(448,1,1,'drafted_ai_reply','booking',38,'{\"purpose\":\"confirm\",\"provider\":\"local_ai\"}','2026-06-10 20:13:50'),(449,1,1,'drafted_ai_reply','booking',38,'{\"purpose\":\"confirm\",\"provider\":\"local_ai\"}','2026-06-10 20:13:50'),(450,1,1,'logged_ai_reply','booking',38,'{\"email_log_id\":50}','2026-06-10 20:13:51'),(451,1,1,'updated','booking',38,'{\"status\":\"confirmed\"}','2026-06-10 20:14:27'),(452,1,NULL,'created','event_booking',39,'{\"reference\":\"RSV-20260610-8538\",\"booking_type_id\":4}','2026-06-10 20:26:44'),(453,1,1,'updated','table',51,'[]','2026-06-10 20:27:54'),(454,1,1,'updated','table',52,'[]','2026-06-10 20:27:58'),(455,1,1,'updated','table',52,'[]','2026-06-10 20:28:00'),(456,1,1,'updated','table',52,'[]','2026-06-10 20:28:01'),(457,1,1,'updated','table',50,'[]','2026-06-10 20:28:06'),(458,1,1,'updated','table',45,'[]','2026-06-10 20:28:29'),(459,1,1,'updated','table',45,'[]','2026-06-10 20:28:30'),(460,1,1,'updated','table',49,'[]','2026-06-10 20:28:43'),(461,1,1,'updated','table',46,'[]','2026-06-10 20:30:53'),(462,1,NULL,'created','event_booking',40,'{\"reference\":\"RSV-20260610-6678\",\"booking_type_id\":4}','2026-06-10 20:31:12'),(463,1,NULL,'created','event_booking',41,'{\"reference\":\"RSV-20260610-3343\",\"booking_type_id\":4}','2026-06-10 21:40:09'),(464,1,1,'updated','settings',NULL,'[]','2026-06-10 21:40:40'),(465,1,NULL,'created','event_booking',42,'{\"reference\":\"RSV-20260610-2192\",\"booking_type_id\":4}','2026-06-10 21:41:06'),(466,1,1,'updated','table',36,'[]','2026-06-10 21:45:39'),(467,1,NULL,'created','event_booking',43,'{\"reference\":\"RSV-20260610-9491\",\"booking_type_id\":4}','2026-06-10 21:46:12'),(468,1,1,'signed_out','user',1,'[]','2026-06-10 22:21:21'),(469,1,1,'signed_in','user',1,'[]','2026-06-10 22:21:44'),(470,1,1,'signed_out','user',1,'[]','2026-06-10 22:23:15'),(471,1,1,'signed_in','user',1,'[]','2026-06-10 22:23:48'),(472,1,1,'created','user',3,'[]','2026-06-10 22:24:16'),(473,1,1,'signed_out','user',1,'[]','2026-06-10 22:24:20'),(474,1,3,'signed_in','user',3,'[]','2026-06-10 22:24:32'),(475,1,1,'signed_in','user',1,'[]','2026-06-10 22:26:03'),(476,1,1,'signed_in','user',1,'[]','2026-06-10 22:26:23'),(477,1,1,'signed_in','user',1,'[]','2026-06-10 22:26:42'),(478,1,1,'signed_in','user',1,'[]','2026-06-10 22:42:12'),(479,1,1,'signed_in','user',1,'[]','2026-06-10 22:42:20'),(480,1,1,'signed_in','user',1,'[]','2026-06-10 22:43:33'),(482,1,1,'signed_in','user',1,'[]','2026-06-10 22:43:59'),(483,1,1,'signed_in','user',1,'[]','2026-06-10 22:49:52'),(484,1,1,'signed_in','user',1,'[]','2026-06-10 22:50:17'),(486,1,1,'signed_in','user',1,'[]','2026-06-10 22:50:28'),(487,1,1,'signed_in','user',1,'[]','2026-06-10 23:00:56'),(490,1,1,'signed_in','user',1,'[]','2026-06-10 23:01:09'),(491,1,3,'signed_out','user',3,'[]','2026-06-10 23:02:22'),(492,1,1,'signed_in','user',1,'[]','2026-06-10 23:02:25'),(493,1,1,'signed_out','user',1,'[]','2026-06-10 23:03:19'),(494,1,3,'signed_in','user',3,'[]','2026-06-10 23:03:35'),(495,1,3,'signed_out','user',3,'[]','2026-06-10 23:03:42'),(496,1,1,'signed_in','user',1,'[]','2026-06-10 23:03:45'),(497,1,1,'signed_in','user',1,'[]','2026-06-10 23:05:08'),(498,1,1,'created','account',3,'{\"business_name\":\"Test Client\",\"venue_id\":4}','2026-06-10 23:06:40'),(499,1,1,'signed_out','user',1,'[]','2026-06-10 23:07:28'),(500,1,1,'signed_in','user',1,'[]','2026-06-10 23:08:06'),(501,4,1,'created','user',5,'[]','2026-06-10 23:09:01'),(502,4,1,'signed_out','user',1,'[]','2026-06-10 23:09:08'),(503,1,5,'signed_in','user',5,'[]','2026-06-10 23:09:19'),(504,1,1,'signed_in','user',1,'[]','2026-06-10 23:23:02'),(505,1,1,'signed_in','user',1,'[]','2026-06-10 23:23:53'),(509,1,1,'signed_in','user',1,'[]','2026-06-10 23:27:20'),(513,1,1,'signed_in','user',1,'[]','2026-06-10 23:27:36'),(514,4,5,'signed_out','user',5,'[]','2026-06-10 23:28:46'),(515,1,1,'signed_in','user',1,'[]','2026-06-10 23:28:48'),(516,1,1,'signed_out','user',1,'[]','2026-06-10 23:29:01'),(517,4,5,'signed_in','user',5,'[]','2026-06-10 23:29:14'),(518,4,5,'signed_out','user',5,'[]','2026-06-10 23:30:10'),(519,1,1,'signed_in','user',1,'[]','2026-06-10 23:30:17'),(520,1,1,'signed_out','user',1,'[]','2026-06-10 23:30:28'),(521,1,1,'signed_in','user',1,'[]','2026-06-10 23:30:33'),(522,1,1,'signed_out','user',1,'[]','2026-06-10 23:30:36'),(523,1,3,'signed_in','user',3,'[]','2026-06-10 23:31:22'),(524,1,3,'created','venue',7,'{\"name\":\"Venue 2 Test\",\"slug\":\"venue-2-test\"}','2026-06-10 23:33:42'),(525,1,1,'signed_in','user',1,'[]','2026-06-10 23:39:26'),(526,1,1,'created','booking_type',33,'{\"name\":\"Codex Delete Smoke Test\"}','2026-06-10 23:39:27'),(527,1,1,'deleted','booking_type',33,'{\"name\":\"Codex Delete Smoke Test\"}','2026-06-10 23:39:27'),(528,1,1,'signed_in','user',1,'[]','2026-06-10 23:41:42'),(529,1,1,'created','booking_type',34,'{\"name\":\"Codex Delete Smoke Test\"}','2026-06-10 23:41:42'),(530,1,1,'deleted','booking_type',34,'{\"name\":\"Codex Delete Smoke Test\"}','2026-06-10 23:41:43'),(531,1,1,'signed_in','user',1,'[]','2026-06-10 23:42:52'),(534,1,1,'signed_in','user',1,'[]','2026-06-11 15:54:56'),(535,1,1,'signed_out','user',1,'[]','2026-06-11 15:55:12'),(536,1,3,'signed_in','user',3,'[]','2026-06-11 15:55:21'),(537,1,3,'updated','booking',33,'{\"status\":\"seated\"}','2026-06-11 16:08:32'),(538,1,3,'updated','booking',33,'{\"status\":\"completed\"}','2026-06-11 16:08:36'),(539,1,3,'updated','booking',33,'{\"status\":\"confirmed\"}','2026-06-11 16:08:45'),(540,1,3,'updated','booking',33,'{\"status\":\"confirmed\"}','2026-06-11 16:18:42'),(541,1,NULL,'created','booking',45,'{\"reference\":\"RSV-20260611-3656\",\"source\":\"public\"}','2026-06-11 16:23:43'),(542,1,3,'updated','booking',45,'{\"status\":\"confirmed\"}','2026-06-11 16:24:03'),(543,1,3,'updated','settings',NULL,'[]','2026-06-11 16:26:12'),(544,1,3,'updated','settings',NULL,'[]','2026-06-11 16:26:18'),(545,1,3,'updated','settings',NULL,'[]','2026-06-11 16:26:20'),(546,1,3,'updated','booking_type',4,'{\"name\":\"Trivia\"}','2026-06-11 16:31:32'),(547,1,3,'updated','booking',45,'{\"status\":\"confirmed\"}','2026-06-11 17:37:15'),(548,1,3,'updated','booking',45,'{\"status\":\"confirmed\"}','2026-06-11 17:38:21'),(549,1,3,'archived','booking_type',5,'{\"name\":\"Test\",\"bookings\":1}','2026-06-11 22:27:06'),(550,1,3,'updated','booking',36,'{\"status\":\"cancelled\"}','2026-06-11 22:27:28'),(551,1,3,'signed_out','user',3,'[]','2026-06-11 22:32:21'),(552,1,1,'signed_in','user',1,'[]','2026-06-11 22:32:35'),(553,1,1,'signed_out','user',1,'[]','2026-06-11 22:34:48'),(554,1,3,'signed_in','user',3,'[]','2026-06-11 22:34:52'),(555,1,3,'updated','booking',45,'{\"status\":\"cancelled\"}','2026-06-11 22:35:34'),(556,1,3,'drafted_ai_reply','booking',45,'{\"purpose\":\"update\",\"provider\":\"local_ai\"}','2026-06-11 22:35:37'),(557,1,3,'drafted_ai_reply','booking',45,'{\"purpose\":\"update\",\"provider\":\"local_ai\"}','2026-06-11 22:35:37'),(558,1,3,'drafted_ai_reply','booking',45,'{\"purpose\":\"update\",\"provider\":\"local_ai\"}','2026-06-11 22:35:38'),(559,1,3,'drafted_ai_reply','booking',45,'{\"purpose\":\"update\",\"provider\":\"local_ai\"}','2026-06-11 22:35:41'),(560,1,3,'drafted_ai_reply','booking',45,'{\"purpose\":\"update\",\"provider\":\"local_ai\"}','2026-06-11 22:35:42'),(561,1,3,'drafted_ai_reply','booking',45,'{\"purpose\":\"update\",\"provider\":\"local_ai\"}','2026-06-11 22:35:42'),(562,1,3,'drafted_ai_reply','booking',45,'{\"purpose\":\"update\",\"provider\":\"local_ai\"}','2026-06-11 22:35:42'),(563,1,3,'drafted_ai_reply','booking',45,'{\"purpose\":\"update\",\"provider\":\"local_ai\"}','2026-06-11 22:35:43'),(564,1,3,'drafted_ai_reply','booking',45,'{\"purpose\":\"update\",\"provider\":\"local_ai\"}','2026-06-11 22:35:43'),(565,1,3,'drafted_ai_reply','booking',45,'{\"purpose\":\"update\",\"provider\":\"local_ai\"}','2026-06-11 22:35:44'),(566,1,3,'drafted_ai_reply','booking',45,'{\"purpose\":\"update\",\"provider\":\"local_ai\"}','2026-06-11 22:35:44'),(567,1,3,'drafted_ai_reply','booking',45,'{\"purpose\":\"update\",\"provider\":\"local_ai\"}','2026-06-11 22:35:44'),(568,1,3,'drafted_ai_reply','booking',45,'{\"purpose\":\"update\",\"provider\":\"local_ai\"}','2026-06-11 22:35:45'),(569,1,3,'drafted_ai_reply','booking',45,'{\"purpose\":\"update\",\"provider\":\"local_ai\"}','2026-06-11 22:35:45'),(570,1,3,'drafted_ai_reply','booking',45,'{\"purpose\":\"update\",\"provider\":\"local_ai\"}','2026-06-11 22:35:46'),(571,1,3,'drafted_ai_reply','booking',45,'{\"purpose\":\"update\",\"provider\":\"local_ai\"}','2026-06-11 22:35:46'),(572,1,3,'drafted_ai_reply','booking',45,'{\"purpose\":\"update\",\"provider\":\"local_ai\"}','2026-06-11 22:35:47'),(573,1,3,'drafted_ai_reply','booking',45,'{\"purpose\":\"update\",\"provider\":\"local_ai\"}','2026-06-11 22:35:47'),(574,1,3,'drafted_ai_reply','booking',45,'{\"purpose\":\"update\",\"provider\":\"local_ai\"}','2026-06-11 22:35:47'),(575,1,3,'drafted_ai_reply','booking',45,'{\"purpose\":\"update\",\"provider\":\"local_ai\"}','2026-06-11 22:35:48'),(576,1,3,'drafted_ai_reply','booking',45,'{\"purpose\":\"update\",\"provider\":\"local_ai\"}','2026-06-11 22:35:48'),(577,1,3,'drafted_ai_reply','booking',45,'{\"purpose\":\"update\",\"provider\":\"local_ai\"}','2026-06-11 22:35:49'),(578,1,3,'drafted_ai_reply','booking',45,'{\"purpose\":\"update\",\"provider\":\"local_ai\"}','2026-06-11 22:35:49'),(579,1,3,'drafted_ai_reply','booking',45,'{\"purpose\":\"update\",\"provider\":\"local_ai\"}','2026-06-11 22:35:49'),(580,1,3,'drafted_ai_reply','booking',45,'{\"purpose\":\"update\",\"provider\":\"local_ai\"}','2026-06-11 22:35:50'),(581,1,3,'drafted_ai_reply','booking',45,'{\"purpose\":\"update\",\"provider\":\"local_ai\"}','2026-06-11 22:35:50'),(582,1,3,'drafted_ai_reply','booking',45,'{\"purpose\":\"update\",\"provider\":\"local_ai\"}','2026-06-11 22:35:50'),(583,1,3,'drafted_ai_reply','booking',45,'{\"purpose\":\"update\",\"provider\":\"local_ai\"}','2026-06-11 22:35:51'),(584,1,3,'drafted_ai_reply','booking',45,'{\"purpose\":\"update\",\"provider\":\"local_ai\"}','2026-06-11 22:35:51'),(585,1,3,'drafted_ai_reply','booking',45,'{\"purpose\":\"update\",\"provider\":\"local_ai\"}','2026-06-11 22:35:52'),(586,1,3,'drafted_ai_reply','booking',45,'{\"purpose\":\"update\",\"provider\":\"local_ai\"}','2026-06-11 22:35:52'),(587,1,3,'drafted_ai_reply','booking',45,'{\"purpose\":\"update\",\"provider\":\"local_ai\"}','2026-06-11 22:35:52'),(588,1,3,'drafted_ai_reply','booking',45,'{\"purpose\":\"update\",\"provider\":\"local_ai\"}','2026-06-11 22:35:53'),(589,1,3,'drafted_ai_reply','booking',45,'{\"purpose\":\"update\",\"provider\":\"local_ai\"}','2026-06-11 22:35:53'),(590,1,3,'drafted_ai_reply','booking',45,'{\"purpose\":\"update\",\"provider\":\"local_ai\"}','2026-06-11 22:35:54'),(591,1,3,'drafted_ai_reply','booking',45,'{\"purpose\":\"update\",\"provider\":\"local_ai\"}','2026-06-11 22:35:54'),(592,1,3,'drafted_ai_reply','booking',45,'{\"purpose\":\"update\",\"provider\":\"local_ai\"}','2026-06-11 22:35:55'),(593,1,3,'drafted_ai_reply','booking',45,'{\"purpose\":\"update\",\"provider\":\"local_ai\"}','2026-06-11 22:35:55'),(594,1,3,'drafted_ai_reply','booking',45,'{\"purpose\":\"update\",\"provider\":\"local_ai\"}','2026-06-11 22:35:55'),(595,1,3,'drafted_ai_reply','booking',45,'{\"purpose\":\"update\",\"provider\":\"local_ai\"}','2026-06-11 22:35:56'),(596,1,3,'drafted_ai_reply','booking',45,'{\"purpose\":\"update\",\"provider\":\"local_ai\"}','2026-06-11 22:35:56'),(597,1,3,'drafted_ai_reply','booking',45,'{\"purpose\":\"update\",\"provider\":\"local_ai\"}','2026-06-11 22:35:56'),(598,1,3,'drafted_ai_reply','booking',45,'{\"purpose\":\"update\",\"provider\":\"local_ai\"}','2026-06-11 22:35:57'),(599,1,3,'drafted_ai_reply','booking',45,'{\"purpose\":\"update\",\"provider\":\"local_ai\"}','2026-06-11 22:35:57'),(600,1,3,'drafted_ai_reply','booking',45,'{\"purpose\":\"update\",\"provider\":\"local_ai\"}','2026-06-11 22:35:58'),(601,1,3,'drafted_ai_reply','booking',45,'{\"purpose\":\"update\",\"provider\":\"local_ai\"}','2026-06-11 22:35:58'),(602,1,3,'drafted_ai_reply','booking',45,'{\"purpose\":\"update\",\"provider\":\"local_ai\"}','2026-06-11 22:35:58'),(603,1,3,'drafted_ai_reply','booking',45,'{\"purpose\":\"update\",\"provider\":\"local_ai\"}','2026-06-11 22:35:59'),(604,1,3,'drafted_ai_reply','booking',45,'{\"purpose\":\"update\",\"provider\":\"local_ai\"}','2026-06-11 22:35:59'),(605,1,3,'drafted_ai_reply','booking',45,'{\"purpose\":\"update\",\"provider\":\"local_ai\"}','2026-06-11 22:36:00'),(606,1,3,'drafted_ai_reply','booking',45,'{\"purpose\":\"update\",\"provider\":\"local_ai\"}','2026-06-11 22:36:00'),(607,1,3,'drafted_ai_reply','booking',45,'{\"purpose\":\"update\",\"provider\":\"local_ai\"}','2026-06-11 22:36:00'),(608,1,3,'drafted_ai_reply','booking',45,'{\"purpose\":\"update\",\"provider\":\"local_ai\"}','2026-06-11 22:36:01'),(609,1,3,'drafted_ai_reply','booking',45,'{\"purpose\":\"update\",\"provider\":\"local_ai\"}','2026-06-11 22:36:01'),(610,1,3,'drafted_ai_reply','booking',45,'{\"purpose\":\"update\",\"provider\":\"local_ai\"}','2026-06-11 22:36:02'),(611,1,3,'drafted_ai_reply','booking',45,'{\"purpose\":\"update\",\"provider\":\"local_ai\"}','2026-06-11 22:36:02'),(612,1,3,'drafted_ai_reply','booking',45,'{\"purpose\":\"update\",\"provider\":\"local_ai\"}','2026-06-11 22:36:03'),(613,1,3,'drafted_ai_reply','booking',45,'{\"purpose\":\"update\",\"provider\":\"local_ai\"}','2026-06-11 22:36:03'),(614,1,3,'drafted_ai_reply','booking',45,'{\"purpose\":\"update\",\"provider\":\"local_ai\"}','2026-06-11 22:36:03'),(615,1,3,'drafted_ai_reply','booking',45,'{\"purpose\":\"update\",\"provider\":\"local_ai\"}','2026-06-11 22:36:04'),(616,1,3,'drafted_ai_reply','booking',45,'{\"purpose\":\"update\",\"provider\":\"local_ai\"}','2026-06-11 22:36:04'),(617,1,3,'drafted_ai_reply','booking',45,'{\"purpose\":\"update\",\"provider\":\"local_ai\"}','2026-06-11 22:36:05'),(618,1,3,'drafted_ai_reply','booking',45,'{\"purpose\":\"update\",\"provider\":\"local_ai\"}','2026-06-11 22:36:05'),(619,1,3,'drafted_ai_reply','booking',45,'{\"purpose\":\"update\",\"provider\":\"local_ai\"}','2026-06-11 22:36:05'),(620,1,3,'drafted_ai_reply','booking',45,'{\"purpose\":\"update\",\"provider\":\"local_ai\"}','2026-06-11 22:36:06'),(621,1,3,'drafted_ai_reply','booking',45,'{\"purpose\":\"update\",\"provider\":\"local_ai\"}','2026-06-11 22:36:06'),(622,1,3,'drafted_ai_reply','booking',45,'{\"purpose\":\"update\",\"provider\":\"local_ai\"}','2026-06-11 22:36:07'),(623,1,3,'drafted_ai_reply','booking',45,'{\"purpose\":\"update\",\"provider\":\"local_ai\"}','2026-06-11 22:36:07'),(624,1,3,'drafted_ai_reply','booking',45,'{\"purpose\":\"update\",\"provider\":\"local_ai\"}','2026-06-11 22:36:07'),(625,1,3,'drafted_ai_reply','booking',45,'{\"purpose\":\"update\",\"provider\":\"local_ai\"}','2026-06-11 22:36:08'),(626,1,3,'drafted_ai_reply','booking',45,'{\"purpose\":\"update\",\"provider\":\"local_ai\"}','2026-06-11 22:36:08'),(627,1,3,'drafted_ai_reply','booking',45,'{\"purpose\":\"update\",\"provider\":\"local_ai\"}','2026-06-11 22:36:09'),(628,1,3,'drafted_ai_reply','booking',45,'{\"purpose\":\"update\",\"provider\":\"local_ai\"}','2026-06-11 22:36:09'),(629,1,3,'drafted_ai_reply','booking',45,'{\"purpose\":\"update\",\"provider\":\"local_ai\"}','2026-06-11 22:36:09'),(630,1,3,'drafted_ai_reply','booking',45,'{\"purpose\":\"update\",\"provider\":\"local_ai\"}','2026-06-11 22:36:10'),(631,1,3,'drafted_ai_reply','booking',45,'{\"purpose\":\"update\",\"provider\":\"local_ai\"}','2026-06-11 22:36:10'),(632,1,3,'drafted_ai_reply','booking',45,'{\"purpose\":\"update\",\"provider\":\"local_ai\"}','2026-06-11 22:36:11'),(633,1,3,'drafted_ai_reply','booking',45,'{\"purpose\":\"update\",\"provider\":\"local_ai\"}','2026-06-11 22:36:11'),(634,1,3,'drafted_ai_reply','booking',45,'{\"purpose\":\"update\",\"provider\":\"local_ai\"}','2026-06-11 22:36:11'),(635,1,3,'drafted_ai_reply','booking',45,'{\"purpose\":\"update\",\"provider\":\"local_ai\"}','2026-06-11 22:36:12'),(636,1,3,'drafted_ai_reply','booking',45,'{\"purpose\":\"update\",\"provider\":\"local_ai\"}','2026-06-11 22:36:12'),(637,1,3,'drafted_ai_reply','booking',45,'{\"purpose\":\"update\",\"provider\":\"local_ai\"}','2026-06-11 22:36:13'),(638,1,3,'drafted_ai_reply','booking',45,'{\"purpose\":\"update\",\"provider\":\"local_ai\"}','2026-06-11 22:36:13'),(639,1,3,'drafted_ai_reply','booking',45,'{\"purpose\":\"update\",\"provider\":\"local_ai\"}','2026-06-11 22:36:13'),(640,1,3,'drafted_ai_reply','booking',45,'{\"purpose\":\"update\",\"provider\":\"local_ai\"}','2026-06-11 22:36:14'),(641,1,3,'drafted_ai_reply','booking',45,'{\"purpose\":\"update\",\"provider\":\"local_ai\"}','2026-06-11 22:36:14'),(642,1,3,'drafted_ai_reply','booking',45,'{\"purpose\":\"update\",\"provider\":\"local_ai\"}','2026-06-11 22:36:15'),(643,1,3,'drafted_ai_reply','booking',45,'{\"purpose\":\"update\",\"provider\":\"local_ai\"}','2026-06-11 22:36:15'),(644,1,3,'drafted_ai_reply','booking',45,'{\"purpose\":\"update\",\"provider\":\"local_ai\"}','2026-06-11 22:36:15'),(645,1,3,'drafted_ai_reply','booking',45,'{\"purpose\":\"update\",\"provider\":\"local_ai\"}','2026-06-11 22:36:16'),(646,1,3,'drafted_ai_reply','booking',45,'{\"purpose\":\"update\",\"provider\":\"local_ai\"}','2026-06-11 22:36:16'),(647,1,3,'drafted_ai_reply','booking',45,'{\"purpose\":\"update\",\"provider\":\"local_ai\"}','2026-06-11 22:36:17'),(648,1,3,'drafted_ai_reply','booking',45,'{\"purpose\":\"update\",\"provider\":\"local_ai\"}','2026-06-11 22:36:17'),(649,1,3,'drafted_ai_reply','booking',45,'{\"purpose\":\"update\",\"provider\":\"local_ai\"}','2026-06-11 22:36:17'),(650,1,3,'drafted_ai_reply','booking',45,'{\"purpose\":\"update\",\"provider\":\"local_ai\"}','2026-06-11 22:36:18'),(651,1,3,'drafted_ai_reply','booking',45,'{\"purpose\":\"update\",\"provider\":\"local_ai\"}','2026-06-11 22:36:18'),(652,1,3,'drafted_ai_reply','booking',45,'{\"purpose\":\"update\",\"provider\":\"local_ai\"}','2026-06-11 22:36:19'),(653,1,3,'drafted_ai_reply','booking',45,'{\"purpose\":\"update\",\"provider\":\"local_ai\"}','2026-06-11 22:36:19'),(654,1,3,'drafted_ai_reply','booking',45,'{\"purpose\":\"update\",\"provider\":\"local_ai\"}','2026-06-11 22:36:19'),(655,1,3,'drafted_ai_reply','booking',45,'{\"purpose\":\"update\",\"provider\":\"local_ai\"}','2026-06-11 22:36:20'),(656,1,3,'drafted_ai_reply','booking',45,'{\"purpose\":\"update\",\"provider\":\"local_ai\"}','2026-06-11 22:36:20'),(657,1,3,'drafted_ai_reply','booking',45,'{\"purpose\":\"update\",\"provider\":\"local_ai\"}','2026-06-11 22:36:21'),(658,1,3,'drafted_ai_reply','booking',45,'{\"purpose\":\"update\",\"provider\":\"local_ai\"}','2026-06-11 22:36:21'),(659,1,3,'drafted_ai_reply','booking',45,'{\"purpose\":\"update\",\"provider\":\"local_ai\"}','2026-06-11 22:36:21'),(660,1,3,'drafted_ai_reply','booking',45,'{\"purpose\":\"update\",\"provider\":\"local_ai\"}','2026-06-11 22:36:22'),(661,1,3,'drafted_ai_reply','booking',45,'{\"purpose\":\"update\",\"provider\":\"local_ai\"}','2026-06-11 22:36:22'),(662,1,3,'drafted_ai_reply','booking',45,'{\"purpose\":\"update\",\"provider\":\"local_ai\"}','2026-06-11 22:36:22'),(663,1,3,'drafted_ai_reply','booking',45,'{\"purpose\":\"update\",\"provider\":\"local_ai\"}','2026-06-11 22:36:23'),(664,1,3,'drafted_ai_reply','booking',45,'{\"purpose\":\"update\",\"provider\":\"local_ai\"}','2026-06-11 22:36:23'),(665,1,3,'drafted_ai_reply','booking',45,'{\"purpose\":\"update\",\"provider\":\"local_ai\"}','2026-06-11 22:36:24'),(666,1,3,'drafted_ai_reply','booking',45,'{\"purpose\":\"update\",\"provider\":\"local_ai\"}','2026-06-11 22:36:24'),(667,1,3,'drafted_ai_reply','booking',45,'{\"purpose\":\"update\",\"provider\":\"local_ai\"}','2026-06-11 22:36:24'),(668,1,3,'drafted_ai_reply','booking',45,'{\"purpose\":\"update\",\"provider\":\"local_ai\"}','2026-06-11 22:36:25'),(669,1,3,'drafted_ai_reply','booking',45,'{\"purpose\":\"update\",\"provider\":\"local_ai\"}','2026-06-11 22:36:25'),(670,1,3,'drafted_ai_reply','booking',45,'{\"purpose\":\"update\",\"provider\":\"local_ai\"}','2026-06-11 22:36:26'),(671,1,3,'drafted_ai_reply','booking',45,'{\"purpose\":\"update\",\"provider\":\"local_ai\"}','2026-06-11 22:36:26'),(672,1,3,'drafted_ai_reply','booking',45,'{\"purpose\":\"update\",\"provider\":\"local_ai\"}','2026-06-11 22:36:26'),(673,1,3,'drafted_ai_reply','booking',45,'{\"purpose\":\"update\",\"provider\":\"local_ai\"}','2026-06-11 22:36:27'),(674,1,3,'drafted_ai_reply','booking',45,'{\"purpose\":\"update\",\"provider\":\"local_ai\"}','2026-06-11 22:36:27'),(675,1,3,'drafted_ai_reply','booking',45,'{\"purpose\":\"update\",\"provider\":\"local_ai\"}','2026-06-11 22:36:28'),(676,1,3,'drafted_ai_reply','booking',45,'{\"purpose\":\"update\",\"provider\":\"local_ai\"}','2026-06-11 22:36:28'),(677,1,3,'drafted_ai_reply','booking',45,'{\"purpose\":\"update\",\"provider\":\"local_ai\"}','2026-06-11 22:36:28'),(678,1,3,'drafted_ai_reply','booking',45,'{\"purpose\":\"update\",\"provider\":\"local_ai\"}','2026-06-11 22:36:29'),(679,1,3,'drafted_ai_reply','booking',45,'{\"purpose\":\"update\",\"provider\":\"local_ai\"}','2026-06-11 22:36:29'),(680,1,3,'drafted_ai_reply','booking',45,'{\"purpose\":\"update\",\"provider\":\"local_ai\"}','2026-06-11 22:36:30'),(681,1,3,'drafted_ai_reply','booking',45,'{\"purpose\":\"update\",\"provider\":\"local_ai\"}','2026-06-11 22:36:30'),(682,1,3,'drafted_ai_reply','booking',45,'{\"purpose\":\"update\",\"provider\":\"local_ai\"}','2026-06-11 22:36:30'),(683,1,3,'drafted_ai_reply','booking',45,'{\"purpose\":\"update\",\"provider\":\"local_ai\"}','2026-06-11 22:36:31'),(684,1,3,'drafted_ai_reply','booking',45,'{\"purpose\":\"update\",\"provider\":\"local_ai\"}','2026-06-11 22:36:31'),(685,1,3,'drafted_ai_reply','booking',45,'{\"purpose\":\"update\",\"provider\":\"local_ai\"}','2026-06-11 22:36:32'),(686,1,3,'drafted_ai_reply','booking',45,'{\"purpose\":\"update\",\"provider\":\"local_ai\"}','2026-06-11 22:36:32'),(687,1,3,'drafted_ai_reply','booking',45,'{\"purpose\":\"update\",\"provider\":\"local_ai\"}','2026-06-11 22:36:32'),(688,1,3,'drafted_ai_reply','booking',45,'{\"purpose\":\"update\",\"provider\":\"local_ai\"}','2026-06-11 22:36:33'),(689,1,3,'drafted_ai_reply','booking',45,'{\"purpose\":\"update\",\"provider\":\"local_ai\"}','2026-06-11 22:36:33'),(690,1,3,'drafted_ai_reply','booking',45,'{\"purpose\":\"update\",\"provider\":\"local_ai\"}','2026-06-11 22:36:34'),(691,1,3,'drafted_ai_reply','booking',45,'{\"purpose\":\"update\",\"provider\":\"local_ai\"}','2026-06-11 22:36:34'),(692,1,3,'drafted_ai_reply','booking',45,'{\"purpose\":\"update\",\"provider\":\"local_ai\"}','2026-06-11 22:36:34'),(693,1,3,'drafted_ai_reply','booking',45,'{\"purpose\":\"update\",\"provider\":\"local_ai\"}','2026-06-11 22:36:35'),(694,1,3,'drafted_ai_reply','booking',45,'{\"purpose\":\"update\",\"provider\":\"local_ai\"}','2026-06-11 22:36:35'),(695,1,3,'drafted_ai_reply','booking',45,'{\"purpose\":\"update\",\"provider\":\"local_ai\"}','2026-06-11 22:36:36'),(696,1,3,'drafted_ai_reply','booking',45,'{\"purpose\":\"update\",\"provider\":\"local_ai\"}','2026-06-11 22:36:36'),(697,1,3,'drafted_ai_reply','booking',45,'{\"purpose\":\"update\",\"provider\":\"local_ai\"}','2026-06-11 22:36:36'),(698,1,3,'drafted_ai_reply','booking',45,'{\"purpose\":\"update\",\"provider\":\"local_ai\"}','2026-06-11 22:36:37'),(699,1,3,'drafted_ai_reply','booking',45,'{\"purpose\":\"update\",\"provider\":\"local_ai\"}','2026-06-11 22:36:37'),(700,1,3,'drafted_ai_reply','booking',45,'{\"purpose\":\"update\",\"provider\":\"local_ai\"}','2026-06-11 22:36:38'),(701,1,3,'drafted_ai_reply','booking',45,'{\"purpose\":\"update\",\"provider\":\"local_ai\"}','2026-06-11 22:36:38'),(702,1,3,'updated','booking',45,'{\"status\":\"completed\"}','2026-06-11 22:36:47'),(703,1,3,'updated','booking',45,'{\"status\":\"seated\"}','2026-06-11 22:36:49'),(704,1,3,'updated','booking',45,'{\"status\":\"confirmed\"}','2026-06-11 22:36:51'),(705,1,3,'drafted_ai_reply','booking',45,'{\"purpose\":\"confirm\",\"provider\":\"local_ai\"}','2026-06-11 22:36:53'),(706,1,3,'drafted_ai_reply','booking',45,'{\"purpose\":\"confirm\",\"provider\":\"local_ai\"}','2026-06-11 22:36:54'),(707,1,3,'drafted_ai_reply','booking',45,'{\"purpose\":\"confirm\",\"provider\":\"local_ai\"}','2026-06-11 22:36:54'),(708,1,3,'drafted_ai_reply','booking',45,'{\"purpose\":\"confirm\",\"provider\":\"local_ai\"}','2026-06-11 22:36:55'),(709,1,3,'drafted_ai_reply','booking',45,'{\"purpose\":\"confirm\",\"provider\":\"local_ai\"}','2026-06-11 22:36:55'),(710,1,3,'drafted_ai_reply','booking',45,'{\"purpose\":\"confirm\",\"provider\":\"local_ai\"}','2026-06-11 22:36:55'),(711,1,3,'drafted_ai_reply','booking',45,'{\"purpose\":\"confirm\",\"provider\":\"local_ai\"}','2026-06-11 22:36:56'),(712,1,3,'drafted_ai_reply','booking',45,'{\"purpose\":\"confirm\",\"provider\":\"local_ai\"}','2026-06-11 22:36:56'),(713,1,3,'drafted_ai_reply','booking',45,'{\"purpose\":\"confirm\",\"provider\":\"local_ai\"}','2026-06-11 22:36:57'),(714,1,3,'drafted_ai_reply','booking',45,'{\"purpose\":\"confirm\",\"provider\":\"local_ai\"}','2026-06-11 22:36:57'),(715,1,3,'drafted_ai_reply','booking',45,'{\"purpose\":\"confirm\",\"provider\":\"local_ai\"}','2026-06-11 22:36:57'),(716,1,3,'drafted_ai_reply','booking',45,'{\"purpose\":\"confirm\",\"provider\":\"local_ai\"}','2026-06-11 22:36:58'),(717,1,3,'drafted_ai_reply','booking',45,'{\"purpose\":\"confirm\",\"provider\":\"local_ai\"}','2026-06-11 22:36:58'),(718,1,3,'drafted_ai_reply','booking',45,'{\"purpose\":\"confirm\",\"provider\":\"local_ai\"}','2026-06-11 22:36:59'),(719,1,3,'drafted_ai_reply','booking',45,'{\"purpose\":\"confirm\",\"provider\":\"local_ai\"}','2026-06-11 22:36:59'),(720,1,3,'drafted_ai_reply','booking',45,'{\"purpose\":\"confirm\",\"provider\":\"local_ai\"}','2026-06-11 22:36:59'),(721,1,3,'drafted_ai_reply','booking',45,'{\"purpose\":\"confirm\",\"provider\":\"local_ai\"}','2026-06-11 22:37:00'),(722,1,3,'drafted_ai_reply','booking',45,'{\"purpose\":\"confirm\",\"provider\":\"local_ai\"}','2026-06-11 22:37:00'),(723,1,3,'drafted_ai_reply','booking',45,'{\"purpose\":\"confirm\",\"provider\":\"local_ai\"}','2026-06-11 22:37:01'),(724,1,3,'drafted_ai_reply','booking',45,'{\"purpose\":\"confirm\",\"provider\":\"local_ai\"}','2026-06-11 22:37:01'),(725,1,3,'drafted_ai_reply','booking',45,'{\"purpose\":\"confirm\",\"provider\":\"local_ai\"}','2026-06-11 22:37:02'),(726,1,3,'drafted_ai_reply','booking',45,'{\"purpose\":\"confirm\",\"provider\":\"local_ai\"}','2026-06-11 22:37:02'),(727,1,3,'drafted_ai_reply','booking',45,'{\"purpose\":\"confirm\",\"provider\":\"local_ai\"}','2026-06-11 22:37:02'),(728,1,3,'drafted_ai_reply','booking',45,'{\"purpose\":\"confirm\",\"provider\":\"local_ai\"}','2026-06-11 22:37:03'),(729,1,3,'drafted_ai_reply','booking',45,'{\"purpose\":\"confirm\",\"provider\":\"local_ai\"}','2026-06-11 22:37:03'),(730,1,3,'drafted_ai_reply','booking',45,'{\"purpose\":\"confirm\",\"provider\":\"local_ai\"}','2026-06-11 22:37:04'),(731,1,3,'drafted_ai_reply','booking',45,'{\"purpose\":\"confirm\",\"provider\":\"local_ai\"}','2026-06-11 22:37:04'),(732,1,3,'drafted_ai_reply','booking',45,'{\"purpose\":\"confirm\",\"provider\":\"local_ai\"}','2026-06-11 22:37:04'),(733,1,3,'drafted_ai_reply','booking',45,'{\"purpose\":\"confirm\",\"provider\":\"local_ai\"}','2026-06-11 22:37:05'),(734,1,3,'created','function_booking',46,'{\"reference\":\"RSV-20260611-7955\"}','2026-06-11 22:37:46'),(735,1,3,'updated','booking',46,'{\"status\":\"confirmed\"}','2026-06-11 22:37:55'),(736,1,3,'drafted_ai_reply','booking',46,'{\"purpose\":\"confirm\",\"provider\":\"local_ai\"}','2026-06-11 22:37:58'),(737,1,3,'drafted_ai_reply','booking',46,'{\"purpose\":\"confirm\",\"provider\":\"local_ai\"}','2026-06-11 22:37:58'),(738,1,3,'drafted_ai_reply','booking',46,'{\"purpose\":\"confirm\",\"provider\":\"local_ai\"}','2026-06-11 22:37:59'),(739,1,3,'drafted_ai_reply','booking',46,'{\"purpose\":\"confirm\",\"provider\":\"local_ai\"}','2026-06-11 22:37:59'),(740,1,3,'drafted_ai_reply','booking',46,'{\"purpose\":\"confirm\",\"provider\":\"local_ai\"}','2026-06-11 22:38:00'),(741,1,3,'drafted_ai_reply','booking',46,'{\"purpose\":\"confirm\",\"provider\":\"local_ai\"}','2026-06-11 22:38:00'),(742,1,3,'drafted_ai_reply','booking',46,'{\"purpose\":\"confirm\",\"provider\":\"local_ai\"}','2026-06-11 22:38:01'),(743,1,3,'drafted_ai_reply','booking',46,'{\"purpose\":\"confirm\",\"provider\":\"local_ai\"}','2026-06-11 22:38:01'),(744,1,3,'drafted_ai_reply','booking',46,'{\"purpose\":\"confirm\",\"provider\":\"local_ai\"}','2026-06-11 22:38:01'),(745,1,3,'drafted_ai_reply','booking',46,'{\"purpose\":\"confirm\",\"provider\":\"local_ai\"}','2026-06-11 22:38:02'),(746,1,3,'drafted_ai_reply','booking',46,'{\"purpose\":\"confirm\",\"provider\":\"local_ai\"}','2026-06-11 22:38:02'),(747,1,3,'drafted_ai_reply','booking',46,'{\"purpose\":\"confirm\",\"provider\":\"local_ai\"}','2026-06-11 22:38:03'),(748,1,3,'drafted_ai_reply','booking',46,'{\"purpose\":\"confirm\",\"provider\":\"local_ai\"}','2026-06-11 22:38:03'),(749,1,3,'drafted_ai_reply','booking',46,'{\"purpose\":\"confirm\",\"provider\":\"local_ai\"}','2026-06-11 22:38:04'),(750,1,3,'drafted_ai_reply','booking',46,'{\"purpose\":\"confirm\",\"provider\":\"local_ai\"}','2026-06-11 22:38:04'),(751,1,3,'drafted_ai_reply','booking',46,'{\"purpose\":\"confirm\",\"provider\":\"local_ai\"}','2026-06-11 22:38:04'),(752,1,3,'drafted_ai_reply','booking',46,'{\"purpose\":\"confirm\",\"provider\":\"local_ai\"}','2026-06-11 22:38:05'),(753,1,3,'signed_out','user',3,'[]','2026-06-11 22:38:25'),(754,1,1,'signed_in','user',1,'[]','2026-06-11 22:38:27'),(755,1,1,'signed_out','user',1,'[]','2026-06-11 23:03:51'),(756,1,3,'signed_in','user',3,'[]','2026-06-11 23:03:54'),(757,1,3,'drafted_ai_reply','booking',33,'{\"purpose\":\"confirm\",\"provider\":\"local_ai\"}','2026-06-11 23:04:01'),(758,1,3,'drafted_ai_reply','booking',33,'{\"purpose\":\"confirm\",\"provider\":\"local_ai\"}','2026-06-11 23:04:07'),(759,1,3,'drafted_ai_reply','booking',33,'{\"purpose\":\"confirm\",\"provider\":\"local_ai\"}','2026-06-11 23:04:15'),(760,1,3,'drafted_ai_reply','booking',33,'{\"purpose\":\"confirm\",\"provider\":\"local_ai\"}','2026-06-11 23:04:27'),(761,1,3,'drafted_ai_reply','booking',33,'{\"purpose\":\"decline\",\"provider\":\"local_ai\"}','2026-06-11 23:04:41'),(762,1,1,'signed_in','user',1,'[]','2026-06-12 19:51:41'),(763,1,1,'signed_out','user',1,'[]','2026-06-12 19:51:46'),(764,1,3,'signed_in','user',3,'[]','2026-06-12 19:51:50');
/*!40000 ALTER TABLE `activity_logs` ENABLE KEYS */;
UNLOCK TABLES;

--
-- Table structure for table `ai_assignment_candidates`
--

DROP TABLE IF EXISTS `ai_assignment_candidates`;
/*!40101 SET @saved_cs_client     = @@character_set_client */;
/*!40101 SET character_set_client = utf8 */;
CREATE TABLE `ai_assignment_candidates` (
  `id` int(11) NOT NULL AUTO_INCREMENT,
  `venue_id` int(11) NOT NULL,
  `assignment_log_id` int(11) NOT NULL,
  `booking_id` int(11) NOT NULL,
  `candidate_rank` int(11) NOT NULL,
  `area_id` int(11) DEFAULT NULL,
  `table_ids_json` longtext CHARACTER SET utf8mb4 COLLATE utf8mb4_bin NOT NULL CHECK (json_valid(`table_ids_json`)),
  `table_numbers_json` longtext CHARACTER SET utf8mb4 COLLATE utf8mb4_bin NOT NULL CHECK (json_valid(`table_numbers_json`)),
  `capacity` int(11) NOT NULL,
  `score` decimal(10,2) NOT NULL,
  `selected` tinyint(1) NOT NULL DEFAULT 0,
  `feature_snapshot_json` longtext CHARACTER SET utf8mb4 COLLATE utf8mb4_bin NOT NULL CHECK (json_valid(`feature_snapshot_json`)),
  `created_at` datetime NOT NULL,
  PRIMARY KEY (`id`),
  KEY `fk_ai_candidate_area` (`area_id`),
  KEY `idx_ai_assignment_candidates_booking` (`booking_id`),
  KEY `idx_ai_assignment_candidates_log` (`assignment_log_id`),
  CONSTRAINT `fk_ai_candidate_area` FOREIGN KEY (`area_id`) REFERENCES `areas` (`id`),
  CONSTRAINT `fk_ai_candidate_booking` FOREIGN KEY (`booking_id`) REFERENCES `bookings` (`id`) ON DELETE CASCADE,
  CONSTRAINT `fk_ai_candidate_log` FOREIGN KEY (`assignment_log_id`) REFERENCES `ai_assignment_logs` (`id`) ON DELETE CASCADE
) ENGINE=InnoDB AUTO_INCREMENT=81 DEFAULT CHARSET=utf8mb4 COLLATE=utf8mb4_unicode_ci;
/*!40101 SET character_set_client = @saved_cs_client */;

--
-- Dumping data for table `ai_assignment_candidates`
--

LOCK TABLES `ai_assignment_candidates` WRITE;
/*!40000 ALTER TABLE `ai_assignment_candidates` DISABLE KEYS */;
INSERT INTO `ai_assignment_candidates` VALUES (1,1,32,41,1,2,'[30,31]','[30,31]',16,2.00,1,'{\"source\":\"adjacent_tables\",\"area_name\":\"Schumack\",\"join_group_id\":null,\"join_group_name\":null,\"score_details\":{\"score\":2,\"capacity\":16,\"waste\":6,\"table_count\":2,\"gap_count\":0,\"area_priority\":0,\"join_group_priority\":0,\"table_priority\":0,\"preference_penalty\":0}}','2026-06-10 21:40:09'),(2,1,32,41,2,2,'[31,32]','[31,32]',16,2.00,0,'{\"source\":\"adjacent_tables\",\"area_name\":\"Schumack\",\"join_group_id\":null,\"join_group_name\":null,\"score_details\":{\"score\":2,\"capacity\":16,\"waste\":6,\"table_count\":2,\"gap_count\":0,\"area_priority\":0,\"join_group_priority\":0,\"table_priority\":0,\"preference_penalty\":0}}','2026-06-10 21:40:09'),(3,1,32,41,3,2,'[32,33]','[32,33]',16,2.00,0,'{\"source\":\"adjacent_tables\",\"area_name\":\"Schumack\",\"join_group_id\":null,\"join_group_name\":null,\"score_details\":{\"score\":2,\"capacity\":16,\"waste\":6,\"table_count\":2,\"gap_count\":0,\"area_priority\":0,\"join_group_priority\":0,\"table_priority\":0,\"preference_penalty\":0}}','2026-06-10 21:40:09'),(4,1,32,41,4,2,'[33,34]','[33,34]',16,2.00,0,'{\"source\":\"adjacent_tables\",\"area_name\":\"Schumack\",\"join_group_id\":null,\"join_group_name\":null,\"score_details\":{\"score\":2,\"capacity\":16,\"waste\":6,\"table_count\":2,\"gap_count\":0,\"area_priority\":0,\"join_group_priority\":0,\"table_priority\":0,\"preference_penalty\":0}}','2026-06-10 21:40:09'),(5,1,32,41,5,2,'[34,35]','[34,35]',16,2.00,0,'{\"source\":\"adjacent_tables\",\"area_name\":\"Schumack\",\"join_group_id\":null,\"join_group_name\":null,\"score_details\":{\"score\":2,\"capacity\":16,\"waste\":6,\"table_count\":2,\"gap_count\":0,\"area_priority\":0,\"join_group_priority\":0,\"table_priority\":0,\"preference_penalty\":0}}','2026-06-10 21:40:09'),(6,1,32,41,6,2,'[35,36]','[35,36]',16,2.00,0,'{\"source\":\"adjacent_tables\",\"area_name\":\"Schumack\",\"join_group_id\":null,\"join_group_name\":null,\"score_details\":{\"score\":2,\"capacity\":16,\"waste\":6,\"table_count\":2,\"gap_count\":0,\"area_priority\":0,\"join_group_priority\":0,\"table_priority\":0,\"preference_penalty\":0}}','2026-06-10 21:40:09'),(7,1,32,41,7,2,'[36,37]','[36,37]',16,2.00,0,'{\"source\":\"adjacent_tables\",\"area_name\":\"Schumack\",\"join_group_id\":null,\"join_group_name\":null,\"score_details\":{\"score\":2,\"capacity\":16,\"waste\":6,\"table_count\":2,\"gap_count\":0,\"area_priority\":0,\"join_group_priority\":0,\"table_priority\":0,\"preference_penalty\":0}}','2026-06-10 21:40:09'),(8,1,32,41,8,2,'[37,38]','[37,38]',16,2.00,0,'{\"source\":\"adjacent_tables\",\"area_name\":\"Schumack\",\"join_group_id\":null,\"join_group_name\":null,\"score_details\":{\"score\":2,\"capacity\":16,\"waste\":6,\"table_count\":2,\"gap_count\":0,\"area_priority\":0,\"join_group_priority\":0,\"table_priority\":0,\"preference_penalty\":0}}','2026-06-10 21:40:09'),(9,1,32,41,9,3,'[46]','[46]',12,10.00,0,'{\"source\":\"single\",\"area_name\":\"Wisteria\",\"join_group_id\":null,\"join_group_name\":null,\"score_details\":{\"score\":10,\"capacity\":12,\"waste\":2,\"table_count\":1,\"gap_count\":0,\"area_priority\":0,\"join_group_priority\":0,\"table_priority\":0,\"preference_penalty\":0}}','2026-06-10 21:40:09'),(10,1,32,41,10,3,'[41,42]','[41,42]',16,42.00,0,'{\"source\":\"adjacent_tables\",\"area_name\":\"Wisteria\",\"join_group_id\":null,\"join_group_name\":null,\"score_details\":{\"score\":42,\"capacity\":16,\"waste\":6,\"table_count\":2,\"gap_count\":0,\"area_priority\":0,\"join_group_priority\":0,\"table_priority\":0,\"preference_penalty\":0}}','2026-06-10 21:40:09'),(11,1,32,41,11,3,'[42,43]','[42,43]',16,42.00,0,'{\"source\":\"adjacent_tables\",\"area_name\":\"Wisteria\",\"join_group_id\":null,\"join_group_name\":null,\"score_details\":{\"score\":42,\"capacity\":16,\"waste\":6,\"table_count\":2,\"gap_count\":0,\"area_priority\":0,\"join_group_priority\":0,\"table_priority\":0,\"preference_penalty\":0}}','2026-06-10 21:40:09'),(12,1,32,41,12,3,'[43,44]','[43,44]',16,42.00,0,'{\"source\":\"adjacent_tables\",\"area_name\":\"Wisteria\",\"join_group_id\":null,\"join_group_name\":null,\"score_details\":{\"score\":42,\"capacity\":16,\"waste\":6,\"table_count\":2,\"gap_count\":0,\"area_priority\":0,\"join_group_priority\":0,\"table_priority\":0,\"preference_penalty\":0}}','2026-06-10 21:40:09'),(13,1,32,41,13,3,'[47,48]','[47,48]',16,42.00,0,'{\"source\":\"adjacent_tables\",\"area_name\":\"Wisteria\",\"join_group_id\":null,\"join_group_name\":null,\"score_details\":{\"score\":42,\"capacity\":16,\"waste\":6,\"table_count\":2,\"gap_count\":0,\"area_priority\":0,\"join_group_priority\":0,\"table_priority\":0,\"preference_penalty\":0}}','2026-06-10 21:40:09'),(14,1,32,41,14,2,'[30,31,32]','[30,31,32]',24,54.00,0,'{\"source\":\"adjacent_tables\",\"area_name\":\"Schumack\",\"join_group_id\":null,\"join_group_name\":null,\"score_details\":{\"score\":54,\"capacity\":24,\"waste\":14,\"table_count\":3,\"gap_count\":0,\"area_priority\":0,\"join_group_priority\":0,\"table_priority\":0,\"preference_penalty\":0}}','2026-06-10 21:40:09'),(15,1,32,41,15,2,'[31,32,33]','[31,32,33]',24,54.00,0,'{\"source\":\"adjacent_tables\",\"area_name\":\"Schumack\",\"join_group_id\":null,\"join_group_name\":null,\"score_details\":{\"score\":54,\"capacity\":24,\"waste\":14,\"table_count\":3,\"gap_count\":0,\"area_priority\":0,\"join_group_priority\":0,\"table_priority\":0,\"preference_penalty\":0}}','2026-06-10 21:40:09'),(16,1,32,41,16,2,'[32,33,34]','[32,33,34]',24,54.00,0,'{\"source\":\"adjacent_tables\",\"area_name\":\"Schumack\",\"join_group_id\":null,\"join_group_name\":null,\"score_details\":{\"score\":54,\"capacity\":24,\"waste\":14,\"table_count\":3,\"gap_count\":0,\"area_priority\":0,\"join_group_priority\":0,\"table_priority\":0,\"preference_penalty\":0}}','2026-06-10 21:40:09'),(17,1,32,41,17,2,'[33,34,35]','[33,34,35]',24,54.00,0,'{\"source\":\"adjacent_tables\",\"area_name\":\"Schumack\",\"join_group_id\":null,\"join_group_name\":null,\"score_details\":{\"score\":54,\"capacity\":24,\"waste\":14,\"table_count\":3,\"gap_count\":0,\"area_priority\":0,\"join_group_priority\":0,\"table_priority\":0,\"preference_penalty\":0}}','2026-06-10 21:40:09'),(18,1,32,41,18,2,'[34,35,36]','[34,35,36]',24,54.00,0,'{\"source\":\"adjacent_tables\",\"area_name\":\"Schumack\",\"join_group_id\":null,\"join_group_name\":null,\"score_details\":{\"score\":54,\"capacity\":24,\"waste\":14,\"table_count\":3,\"gap_count\":0,\"area_priority\":0,\"join_group_priority\":0,\"table_priority\":0,\"preference_penalty\":0}}','2026-06-10 21:40:09'),(19,1,32,41,19,2,'[35,36,37]','[35,36,37]',24,54.00,0,'{\"source\":\"adjacent_tables\",\"area_name\":\"Schumack\",\"join_group_id\":null,\"join_group_name\":null,\"score_details\":{\"score\":54,\"capacity\":24,\"waste\":14,\"table_count\":3,\"gap_count\":0,\"area_priority\":0,\"join_group_priority\":0,\"table_priority\":0,\"preference_penalty\":0}}','2026-06-10 21:40:09'),(20,1,32,41,20,2,'[36,37,38]','[36,37,38]',24,54.00,0,'{\"source\":\"adjacent_tables\",\"area_name\":\"Schumack\",\"join_group_id\":null,\"join_group_name\":null,\"score_details\":{\"score\":54,\"capacity\":24,\"waste\":14,\"table_count\":3,\"gap_count\":0,\"area_priority\":0,\"join_group_priority\":0,\"table_priority\":0,\"preference_penalty\":0}}','2026-06-10 21:40:09'),(21,1,33,42,1,2,'[30,31]','[30,31]',16,0.00,1,'{\"source\":\"adjacent_tables\",\"area_name\":\"Schumack\",\"join_group_id\":null,\"join_group_name\":null,\"score_details\":{\"score\":0,\"capacity\":16,\"waste\":5,\"table_count\":2,\"gap_count\":0,\"area_priority\":0,\"join_group_priority\":0,\"table_priority\":0,\"preference_penalty\":0}}','2026-06-10 21:41:06'),(22,1,33,42,2,2,'[31,32]','[31,32]',16,0.00,0,'{\"source\":\"adjacent_tables\",\"area_name\":\"Schumack\",\"join_group_id\":null,\"join_group_name\":null,\"score_details\":{\"score\":0,\"capacity\":16,\"waste\":5,\"table_count\":2,\"gap_count\":0,\"area_priority\":0,\"join_group_priority\":0,\"table_priority\":0,\"preference_penalty\":0}}','2026-06-10 21:41:06'),(23,1,33,42,3,2,'[32,33]','[32,33]',16,0.00,0,'{\"source\":\"adjacent_tables\",\"area_name\":\"Schumack\",\"join_group_id\":null,\"join_group_name\":null,\"score_details\":{\"score\":0,\"capacity\":16,\"waste\":5,\"table_count\":2,\"gap_count\":0,\"area_priority\":0,\"join_group_priority\":0,\"table_priority\":0,\"preference_penalty\":0}}','2026-06-10 21:41:06'),(24,1,33,42,4,2,'[33,34]','[33,34]',16,0.00,0,'{\"source\":\"adjacent_tables\",\"area_name\":\"Schumack\",\"join_group_id\":null,\"join_group_name\":null,\"score_details\":{\"score\":0,\"capacity\":16,\"waste\":5,\"table_count\":2,\"gap_count\":0,\"area_priority\":0,\"join_group_priority\":0,\"table_priority\":0,\"preference_penalty\":0}}','2026-06-10 21:41:06'),(25,1,33,42,5,2,'[34,35]','[34,35]',16,0.00,0,'{\"source\":\"adjacent_tables\",\"area_name\":\"Schumack\",\"join_group_id\":null,\"join_group_name\":null,\"score_details\":{\"score\":0,\"capacity\":16,\"waste\":5,\"table_count\":2,\"gap_count\":0,\"area_priority\":0,\"join_group_priority\":0,\"table_priority\":0,\"preference_penalty\":0}}','2026-06-10 21:41:06'),(26,1,33,42,6,2,'[35,36]','[35,36]',16,0.00,0,'{\"source\":\"adjacent_tables\",\"area_name\":\"Schumack\",\"join_group_id\":null,\"join_group_name\":null,\"score_details\":{\"score\":0,\"capacity\":16,\"waste\":5,\"table_count\":2,\"gap_count\":0,\"area_priority\":0,\"join_group_priority\":0,\"table_priority\":0,\"preference_penalty\":0}}','2026-06-10 21:41:06'),(27,1,33,42,7,2,'[36,37]','[36,37]',16,0.00,0,'{\"source\":\"adjacent_tables\",\"area_name\":\"Schumack\",\"join_group_id\":null,\"join_group_name\":null,\"score_details\":{\"score\":0,\"capacity\":16,\"waste\":5,\"table_count\":2,\"gap_count\":0,\"area_priority\":0,\"join_group_priority\":0,\"table_priority\":0,\"preference_penalty\":0}}','2026-06-10 21:41:06'),(28,1,33,42,8,2,'[37,38]','[37,38]',16,0.00,0,'{\"source\":\"adjacent_tables\",\"area_name\":\"Schumack\",\"join_group_id\":null,\"join_group_name\":null,\"score_details\":{\"score\":0,\"capacity\":16,\"waste\":5,\"table_count\":2,\"gap_count\":0,\"area_priority\":0,\"join_group_priority\":0,\"table_priority\":0,\"preference_penalty\":0}}','2026-06-10 21:41:06'),(29,1,33,42,9,3,'[46]','[46]',12,2.00,0,'{\"source\":\"single\",\"area_name\":\"Wisteria\",\"join_group_id\":null,\"join_group_name\":null,\"score_details\":{\"score\":2,\"capacity\":12,\"waste\":1,\"table_count\":1,\"gap_count\":0,\"area_priority\":0,\"join_group_priority\":0,\"table_priority\":0,\"preference_penalty\":0}}','2026-06-10 21:41:06'),(30,1,33,42,10,3,'[41,42]','[41,42]',16,40.00,0,'{\"source\":\"adjacent_tables\",\"area_name\":\"Wisteria\",\"join_group_id\":null,\"join_group_name\":null,\"score_details\":{\"score\":40,\"capacity\":16,\"waste\":5,\"table_count\":2,\"gap_count\":0,\"area_priority\":0,\"join_group_priority\":0,\"table_priority\":0,\"preference_penalty\":0}}','2026-06-10 21:41:06'),(31,1,33,42,11,3,'[42,43]','[42,43]',16,40.00,0,'{\"source\":\"adjacent_tables\",\"area_name\":\"Wisteria\",\"join_group_id\":null,\"join_group_name\":null,\"score_details\":{\"score\":40,\"capacity\":16,\"waste\":5,\"table_count\":2,\"gap_count\":0,\"area_priority\":0,\"join_group_priority\":0,\"table_priority\":0,\"preference_penalty\":0}}','2026-06-10 21:41:06'),(32,1,33,42,12,3,'[43,44]','[43,44]',16,40.00,0,'{\"source\":\"adjacent_tables\",\"area_name\":\"Wisteria\",\"join_group_id\":null,\"join_group_name\":null,\"score_details\":{\"score\":40,\"capacity\":16,\"waste\":5,\"table_count\":2,\"gap_count\":0,\"area_priority\":0,\"join_group_priority\":0,\"table_priority\":0,\"preference_penalty\":0}}','2026-06-10 21:41:06'),(33,1,33,42,13,3,'[47,48]','[47,48]',16,40.00,0,'{\"source\":\"adjacent_tables\",\"area_name\":\"Wisteria\",\"join_group_id\":null,\"join_group_name\":null,\"score_details\":{\"score\":40,\"capacity\":16,\"waste\":5,\"table_count\":2,\"gap_count\":0,\"area_priority\":0,\"join_group_priority\":0,\"table_priority\":0,\"preference_penalty\":0}}','2026-06-10 21:41:06'),(34,1,33,42,14,2,'[30,31,32]','[30,31,32]',24,46.00,0,'{\"source\":\"adjacent_tables\",\"area_name\":\"Schumack\",\"join_group_id\":null,\"join_group_name\":null,\"score_details\":{\"score\":46,\"capacity\":24,\"waste\":13,\"table_count\":3,\"gap_count\":0,\"area_priority\":0,\"join_group_priority\":0,\"table_priority\":0,\"preference_penalty\":0}}','2026-06-10 21:41:06'),(35,1,33,42,15,2,'[31,32,33]','[31,32,33]',24,46.00,0,'{\"source\":\"adjacent_tables\",\"area_name\":\"Schumack\",\"join_group_id\":null,\"join_group_name\":null,\"score_details\":{\"score\":46,\"capacity\":24,\"waste\":13,\"table_count\":3,\"gap_count\":0,\"area_priority\":0,\"join_group_priority\":0,\"table_priority\":0,\"preference_penalty\":0}}','2026-06-10 21:41:06'),(36,1,33,42,16,2,'[32,33,34]','[32,33,34]',24,46.00,0,'{\"source\":\"adjacent_tables\",\"area_name\":\"Schumack\",\"join_group_id\":null,\"join_group_name\":null,\"score_details\":{\"score\":46,\"capacity\":24,\"waste\":13,\"table_count\":3,\"gap_count\":0,\"area_priority\":0,\"join_group_priority\":0,\"table_priority\":0,\"preference_penalty\":0}}','2026-06-10 21:41:06'),(37,1,33,42,17,2,'[33,34,35]','[33,34,35]',24,46.00,0,'{\"source\":\"adjacent_tables\",\"area_name\":\"Schumack\",\"join_group_id\":null,\"join_group_name\":null,\"score_details\":{\"score\":46,\"capacity\":24,\"waste\":13,\"table_count\":3,\"gap_count\":0,\"area_priority\":0,\"join_group_priority\":0,\"table_priority\":0,\"preference_penalty\":0}}','2026-06-10 21:41:06'),(38,1,33,42,18,2,'[34,35,36]','[34,35,36]',24,46.00,0,'{\"source\":\"adjacent_tables\",\"area_name\":\"Schumack\",\"join_group_id\":null,\"join_group_name\":null,\"score_details\":{\"score\":46,\"capacity\":24,\"waste\":13,\"table_count\":3,\"gap_count\":0,\"area_priority\":0,\"join_group_priority\":0,\"table_priority\":0,\"preference_penalty\":0}}','2026-06-10 21:41:06'),(39,1,33,42,19,2,'[35,36,37]','[35,36,37]',24,46.00,0,'{\"source\":\"adjacent_tables\",\"area_name\":\"Schumack\",\"join_group_id\":null,\"join_group_name\":null,\"score_details\":{\"score\":46,\"capacity\":24,\"waste\":13,\"table_count\":3,\"gap_count\":0,\"area_priority\":0,\"join_group_priority\":0,\"table_priority\":0,\"preference_penalty\":0}}','2026-06-10 21:41:06'),(40,1,33,42,20,2,'[36,37,38]','[36,37,38]',24,46.00,0,'{\"source\":\"adjacent_tables\",\"area_name\":\"Schumack\",\"join_group_id\":null,\"join_group_name\":null,\"score_details\":{\"score\":46,\"capacity\":24,\"waste\":13,\"table_count\":3,\"gap_count\":0,\"area_priority\":0,\"join_group_priority\":0,\"table_priority\":0,\"preference_penalty\":0}}','2026-06-10 21:41:06'),(41,1,34,43,1,2,'[36]','[36]',15,-34.00,1,'{\"source\":\"single\",\"area_name\":\"Schumack\",\"join_group_id\":null,\"join_group_name\":null,\"score_details\":{\"score\":-34,\"capacity\":15,\"waste\":3,\"table_count\":1,\"gap_count\":0,\"area_priority\":0,\"join_group_priority\":0,\"table_priority\":0,\"preference_penalty\":0}}','2026-06-10 21:46:12'),(42,1,34,43,2,3,'[46]','[46]',12,0.00,0,'{\"source\":\"single\",\"area_name\":\"Wisteria\",\"join_group_id\":null,\"join_group_name\":null,\"score_details\":{\"score\":0,\"capacity\":12,\"waste\":0,\"table_count\":1,\"gap_count\":0,\"area_priority\":0,\"join_group_priority\":0,\"table_priority\":0,\"preference_penalty\":0}}','2026-06-10 21:46:12'),(43,1,34,43,3,2,'[30,31]','[30,31]',16,-2.00,0,'{\"source\":\"adjacent_tables\",\"area_name\":\"Schumack\",\"join_group_id\":null,\"join_group_name\":null,\"score_details\":{\"score\":-2,\"capacity\":16,\"waste\":4,\"table_count\":2,\"gap_count\":0,\"area_priority\":0,\"join_group_priority\":0,\"table_priority\":0,\"preference_penalty\":0}}','2026-06-10 21:46:12'),(44,1,34,43,4,2,'[31,32]','[31,32]',16,-2.00,0,'{\"source\":\"adjacent_tables\",\"area_name\":\"Schumack\",\"join_group_id\":null,\"join_group_name\":null,\"score_details\":{\"score\":-2,\"capacity\":16,\"waste\":4,\"table_count\":2,\"gap_count\":0,\"area_priority\":0,\"join_group_priority\":0,\"table_priority\":0,\"preference_penalty\":0}}','2026-06-10 21:46:12'),(45,1,34,43,5,2,'[32,33]','[32,33]',16,-2.00,0,'{\"source\":\"adjacent_tables\",\"area_name\":\"Schumack\",\"join_group_id\":null,\"join_group_name\":null,\"score_details\":{\"score\":-2,\"capacity\":16,\"waste\":4,\"table_count\":2,\"gap_count\":0,\"area_priority\":0,\"join_group_priority\":0,\"table_priority\":0,\"preference_penalty\":0}}','2026-06-10 21:46:12'),(46,1,34,43,6,2,'[33,34]','[33,34]',16,-2.00,0,'{\"source\":\"adjacent_tables\",\"area_name\":\"Schumack\",\"join_group_id\":null,\"join_group_name\":null,\"score_details\":{\"score\":-2,\"capacity\":16,\"waste\":4,\"table_count\":2,\"gap_count\":0,\"area_priority\":0,\"join_group_priority\":0,\"table_priority\":0,\"preference_penalty\":0}}','2026-06-10 21:46:12'),(47,1,34,43,7,2,'[34,35]','[34,35]',16,-2.00,0,'{\"source\":\"adjacent_tables\",\"area_name\":\"Schumack\",\"join_group_id\":null,\"join_group_name\":null,\"score_details\":{\"score\":-2,\"capacity\":16,\"waste\":4,\"table_count\":2,\"gap_count\":0,\"area_priority\":0,\"join_group_priority\":0,\"table_priority\":0,\"preference_penalty\":0}}','2026-06-10 21:46:12'),(48,1,34,43,8,2,'[37,38]','[37,38]',16,-2.00,0,'{\"source\":\"adjacent_tables\",\"area_name\":\"Schumack\",\"join_group_id\":null,\"join_group_name\":null,\"score_details\":{\"score\":-2,\"capacity\":16,\"waste\":4,\"table_count\":2,\"gap_count\":0,\"area_priority\":0,\"join_group_priority\":0,\"table_priority\":0,\"preference_penalty\":0}}','2026-06-10 21:46:12'),(49,1,34,43,9,2,'[35,36]','[35,36]',23,12.00,0,'{\"source\":\"adjacent_tables\",\"area_name\":\"Schumack\",\"join_group_id\":null,\"join_group_name\":null,\"score_details\":{\"score\":12,\"capacity\":23,\"waste\":11,\"table_count\":2,\"gap_count\":0,\"area_priority\":0,\"join_group_priority\":0,\"table_priority\":0,\"preference_penalty\":0}}','2026-06-10 21:46:12'),(50,1,34,43,10,2,'[36,37]','[36,37]',23,12.00,0,'{\"source\":\"adjacent_tables\",\"area_name\":\"Schumack\",\"join_group_id\":null,\"join_group_name\":null,\"score_details\":{\"score\":12,\"capacity\":23,\"waste\":11,\"table_count\":2,\"gap_count\":0,\"area_priority\":0,\"join_group_priority\":0,\"table_priority\":0,\"preference_penalty\":0}}','2026-06-10 21:46:12'),(51,1,34,43,11,3,'[41,42]','[41,42]',16,38.00,0,'{\"source\":\"adjacent_tables\",\"area_name\":\"Wisteria\",\"join_group_id\":null,\"join_group_name\":null,\"score_details\":{\"score\":38,\"capacity\":16,\"waste\":4,\"table_count\":2,\"gap_count\":0,\"area_priority\":0,\"join_group_priority\":0,\"table_priority\":0,\"preference_penalty\":0}}','2026-06-10 21:46:12'),(52,1,34,43,12,3,'[42,43]','[42,43]',16,38.00,0,'{\"source\":\"adjacent_tables\",\"area_name\":\"Wisteria\",\"join_group_id\":null,\"join_group_name\":null,\"score_details\":{\"score\":38,\"capacity\":16,\"waste\":4,\"table_count\":2,\"gap_count\":0,\"area_priority\":0,\"join_group_priority\":0,\"table_priority\":0,\"preference_penalty\":0}}','2026-06-10 21:46:12'),(53,1,34,43,13,3,'[43,44]','[43,44]',16,38.00,0,'{\"source\":\"adjacent_tables\",\"area_name\":\"Wisteria\",\"join_group_id\":null,\"join_group_name\":null,\"score_details\":{\"score\":38,\"capacity\":16,\"waste\":4,\"table_count\":2,\"gap_count\":0,\"area_priority\":0,\"join_group_priority\":0,\"table_priority\":0,\"preference_penalty\":0}}','2026-06-10 21:46:12'),(54,1,34,43,14,3,'[47,48]','[47,48]',16,38.00,0,'{\"source\":\"adjacent_tables\",\"area_name\":\"Wisteria\",\"join_group_id\":null,\"join_group_name\":null,\"score_details\":{\"score\":38,\"capacity\":16,\"waste\":4,\"table_count\":2,\"gap_count\":0,\"area_priority\":0,\"join_group_priority\":0,\"table_priority\":0,\"preference_penalty\":0}}','2026-06-10 21:46:12'),(55,1,34,43,15,3,'[46,47]','[46,47]',20,46.00,0,'{\"source\":\"adjacent_tables\",\"area_name\":\"Wisteria\",\"join_group_id\":null,\"join_group_name\":null,\"score_details\":{\"score\":46,\"capacity\":20,\"waste\":8,\"table_count\":2,\"gap_count\":0,\"area_priority\":0,\"join_group_priority\":0,\"table_priority\":0,\"preference_penalty\":0}}','2026-06-10 21:46:12'),(56,1,34,43,16,2,'[30,31,32]','[30,31,32]',24,44.00,0,'{\"source\":\"adjacent_tables\",\"area_name\":\"Schumack\",\"join_group_id\":null,\"join_group_name\":null,\"score_details\":{\"score\":44,\"capacity\":24,\"waste\":12,\"table_count\":3,\"gap_count\":0,\"area_priority\":0,\"join_group_priority\":0,\"table_priority\":0,\"preference_penalty\":0}}','2026-06-10 21:46:12'),(57,1,34,43,17,2,'[31,32,33]','[31,32,33]',24,44.00,0,'{\"source\":\"adjacent_tables\",\"area_name\":\"Schumack\",\"join_group_id\":null,\"join_group_name\":null,\"score_details\":{\"score\":44,\"capacity\":24,\"waste\":12,\"table_count\":3,\"gap_count\":0,\"area_priority\":0,\"join_group_priority\":0,\"table_priority\":0,\"preference_penalty\":0}}','2026-06-10 21:46:12'),(58,1,34,43,18,2,'[32,33,34]','[32,33,34]',24,44.00,0,'{\"source\":\"adjacent_tables\",\"area_name\":\"Schumack\",\"join_group_id\":null,\"join_group_name\":null,\"score_details\":{\"score\":44,\"capacity\":24,\"waste\":12,\"table_count\":3,\"gap_count\":0,\"area_priority\":0,\"join_group_priority\":0,\"table_priority\":0,\"preference_penalty\":0}}','2026-06-10 21:46:12'),(59,1,34,43,19,2,'[33,34,35]','[33,34,35]',24,44.00,0,'{\"source\":\"adjacent_tables\",\"area_name\":\"Schumack\",\"join_group_id\":null,\"join_group_name\":null,\"score_details\":{\"score\":44,\"capacity\":24,\"waste\":12,\"table_count\":3,\"gap_count\":0,\"area_priority\":0,\"join_group_priority\":0,\"table_priority\":0,\"preference_penalty\":0}}','2026-06-10 21:46:12'),(60,1,34,43,20,2,'[34,35,36]','[34,35,36]',31,58.00,0,'{\"source\":\"adjacent_tables\",\"area_name\":\"Schumack\",\"join_group_id\":null,\"join_group_name\":null,\"score_details\":{\"score\":58,\"capacity\":31,\"waste\":19,\"table_count\":3,\"gap_count\":0,\"area_priority\":0,\"join_group_priority\":0,\"table_priority\":0,\"preference_penalty\":0}}','2026-06-10 21:46:12'),(61,1,36,45,1,1,'[7]','[7]',8,-3.00,1,'{\"source\":\"single\",\"area_name\":\"OSF\",\"join_group_id\":null,\"join_group_name\":null,\"score_details\":{\"score\":0,\"capacity\":8,\"waste\":0,\"table_count\":1,\"gap_count\":0,\"area_priority\":0,\"join_group_priority\":0,\"table_priority\":0,\"preference_penalty\":0,\"learning_adjustment\":-3,\"history\":{\"exact_seen\":0,\"exact_selected\":0,\"exact_final\":1,\"area_seen\":0,\"area_selected\":0,\"sample_count\":20}}}','2026-06-11 16:23:43'),(62,1,36,45,2,1,'[15]','[15]',8,-3.00,0,'{\"source\":\"single\",\"area_name\":\"OSF\",\"join_group_id\":null,\"join_group_name\":null,\"score_details\":{\"score\":0,\"capacity\":8,\"waste\":0,\"table_count\":1,\"gap_count\":0,\"area_priority\":0,\"join_group_priority\":0,\"table_priority\":0,\"preference_penalty\":0,\"learning_adjustment\":-3,\"history\":{\"exact_seen\":0,\"exact_selected\":0,\"exact_final\":1,\"area_seen\":0,\"area_selected\":0,\"sample_count\":20}}}','2026-06-11 16:23:43'),(63,1,36,45,3,1,'[26]','[26]',8,-3.00,0,'{\"source\":\"single\",\"area_name\":\"OSF\",\"join_group_id\":null,\"join_group_name\":null,\"score_details\":{\"score\":0,\"capacity\":8,\"waste\":0,\"table_count\":1,\"gap_count\":0,\"area_priority\":0,\"join_group_priority\":0,\"table_priority\":0,\"preference_penalty\":0,\"learning_adjustment\":-3,\"history\":{\"exact_seen\":0,\"exact_selected\":0,\"exact_final\":1,\"area_seen\":0,\"area_selected\":0,\"sample_count\":20}}}','2026-06-11 16:23:43'),(64,1,36,45,4,1,'[8]','[8]',8,0.00,0,'{\"source\":\"single\",\"area_name\":\"OSF\",\"join_group_id\":null,\"join_group_name\":null,\"score_details\":{\"score\":0,\"capacity\":8,\"waste\":0,\"table_count\":1,\"gap_count\":0,\"area_priority\":0,\"join_group_priority\":0,\"table_priority\":0,\"preference_penalty\":0,\"learning_adjustment\":0,\"history\":{\"exact_seen\":0,\"exact_selected\":0,\"exact_final\":0,\"area_seen\":0,\"area_selected\":0,\"sample_count\":20}}}','2026-06-11 16:23:43'),(65,1,36,45,5,1,'[16]','[16]',8,0.00,0,'{\"source\":\"single\",\"area_name\":\"OSF\",\"join_group_id\":null,\"join_group_name\":null,\"score_details\":{\"score\":0,\"capacity\":8,\"waste\":0,\"table_count\":1,\"gap_count\":0,\"area_priority\":0,\"join_group_priority\":0,\"table_priority\":0,\"preference_penalty\":0,\"learning_adjustment\":0,\"history\":{\"exact_seen\":0,\"exact_selected\":0,\"exact_final\":0,\"area_seen\":0,\"area_selected\":0,\"sample_count\":20}}}','2026-06-11 16:23:43'),(66,1,36,45,6,1,'[18]','[18]',8,0.00,0,'{\"source\":\"single\",\"area_name\":\"OSF\",\"join_group_id\":null,\"join_group_name\":null,\"score_details\":{\"score\":0,\"capacity\":8,\"waste\":0,\"table_count\":1,\"gap_count\":0,\"area_priority\":0,\"join_group_priority\":0,\"table_priority\":0,\"preference_penalty\":0,\"learning_adjustment\":0,\"history\":{\"exact_seen\":0,\"exact_selected\":0,\"exact_final\":0,\"area_seen\":0,\"area_selected\":0,\"sample_count\":20}}}','2026-06-11 16:23:43'),(67,1,36,45,7,1,'[27]','[27]',8,0.00,0,'{\"source\":\"single\",\"area_name\":\"OSF\",\"join_group_id\":null,\"join_group_name\":null,\"score_details\":{\"score\":0,\"capacity\":8,\"waste\":0,\"table_count\":1,\"gap_count\":0,\"area_priority\":0,\"join_group_priority\":0,\"table_priority\":0,\"preference_penalty\":0,\"learning_adjustment\":0,\"history\":{\"exact_seen\":0,\"exact_selected\":0,\"exact_final\":0,\"area_seen\":0,\"area_selected\":0,\"sample_count\":20}}}','2026-06-11 16:23:43'),(68,1,36,45,8,1,'[28]','[28]',8,0.00,0,'{\"source\":\"single\",\"area_name\":\"OSF\",\"join_group_id\":null,\"join_group_name\":null,\"score_details\":{\"score\":0,\"capacity\":8,\"waste\":0,\"table_count\":1,\"gap_count\":0,\"area_priority\":0,\"join_group_priority\":0,\"table_priority\":0,\"preference_penalty\":0,\"learning_adjustment\":0,\"history\":{\"exact_seen\":0,\"exact_selected\":0,\"exact_final\":0,\"area_seen\":0,\"area_selected\":0,\"sample_count\":20}}}','2026-06-11 16:23:43'),(69,1,36,45,9,4,'[53]','[53]',8,0.00,0,'{\"source\":\"single\",\"area_name\":\"Stables\",\"join_group_id\":null,\"join_group_name\":null,\"score_details\":{\"score\":0,\"capacity\":8,\"waste\":0,\"table_count\":1,\"gap_count\":0,\"area_priority\":0,\"join_group_priority\":0,\"table_priority\":0,\"preference_penalty\":0,\"learning_adjustment\":0,\"history\":{\"exact_seen\":0,\"exact_selected\":0,\"exact_final\":0,\"area_seen\":0,\"area_selected\":0,\"sample_count\":20}}}','2026-06-11 16:23:43'),(70,1,36,45,10,4,'[54]','[54]',8,0.00,0,'{\"source\":\"single\",\"area_name\":\"Stables\",\"join_group_id\":null,\"join_group_name\":null,\"score_details\":{\"score\":0,\"capacity\":8,\"waste\":0,\"table_count\":1,\"gap_count\":0,\"area_priority\":0,\"join_group_priority\":0,\"table_priority\":0,\"preference_penalty\":0,\"learning_adjustment\":0,\"history\":{\"exact_seen\":0,\"exact_selected\":0,\"exact_final\":0,\"area_seen\":0,\"area_selected\":0,\"sample_count\":20}}}','2026-06-11 16:23:43'),(71,1,36,45,11,4,'[55]','[55]',8,0.00,0,'{\"source\":\"single\",\"area_name\":\"Stables\",\"join_group_id\":null,\"join_group_name\":null,\"score_details\":{\"score\":0,\"capacity\":8,\"waste\":0,\"table_count\":1,\"gap_count\":0,\"area_priority\":0,\"join_group_priority\":0,\"table_priority\":0,\"preference_penalty\":0,\"learning_adjustment\":0,\"history\":{\"exact_seen\":0,\"exact_selected\":0,\"exact_final\":0,\"area_seen\":0,\"area_selected\":0,\"sample_count\":20}}}','2026-06-11 16:23:43'),(72,1,36,45,12,4,'[56]','[56]',8,0.00,0,'{\"source\":\"single\",\"area_name\":\"Stables\",\"join_group_id\":null,\"join_group_name\":null,\"score_details\":{\"score\":0,\"capacity\":8,\"waste\":0,\"table_count\":1,\"gap_count\":0,\"area_priority\":0,\"join_group_priority\":0,\"table_priority\":0,\"preference_penalty\":0,\"learning_adjustment\":0,\"history\":{\"exact_seen\":0,\"exact_selected\":0,\"exact_final\":0,\"area_seen\":0,\"area_selected\":0,\"sample_count\":20}}}','2026-06-11 16:23:43'),(73,1,36,45,13,4,'[57]','[57]',8,0.00,0,'{\"source\":\"single\",\"area_name\":\"Stables\",\"join_group_id\":null,\"join_group_name\":null,\"score_details\":{\"score\":0,\"capacity\":8,\"waste\":0,\"table_count\":1,\"gap_count\":0,\"area_priority\":0,\"join_group_priority\":0,\"table_priority\":0,\"preference_penalty\":0,\"learning_adjustment\":0,\"history\":{\"exact_seen\":0,\"exact_selected\":0,\"exact_final\":0,\"area_seen\":0,\"area_selected\":0,\"sample_count\":20}}}','2026-06-11 16:23:43'),(74,1,36,45,14,5,'[59]','[59]',8,0.00,0,'{\"source\":\"single\",\"area_name\":\"Kookaburra\",\"join_group_id\":null,\"join_group_name\":null,\"score_details\":{\"score\":0,\"capacity\":8,\"waste\":0,\"table_count\":1,\"gap_count\":0,\"area_priority\":0,\"join_group_priority\":0,\"table_priority\":0,\"preference_penalty\":0,\"learning_adjustment\":0,\"history\":{\"exact_seen\":0,\"exact_selected\":0,\"exact_final\":0,\"area_seen\":0,\"area_selected\":0,\"sample_count\":20}}}','2026-06-11 16:23:43'),(75,1,36,45,15,5,'[60]','[60]',8,0.00,0,'{\"source\":\"single\",\"area_name\":\"Kookaburra\",\"join_group_id\":null,\"join_group_name\":null,\"score_details\":{\"score\":0,\"capacity\":8,\"waste\":0,\"table_count\":1,\"gap_count\":0,\"area_priority\":0,\"join_group_priority\":0,\"table_priority\":0,\"preference_penalty\":0,\"learning_adjustment\":0,\"history\":{\"exact_seen\":0,\"exact_selected\":0,\"exact_final\":0,\"area_seen\":0,\"area_selected\":0,\"sample_count\":20}}}','2026-06-11 16:23:43'),(76,1,36,45,16,1,'[7,8]','[7,8]',16,73.00,0,'{\"source\":\"adjacent_tables\",\"area_name\":\"OSF\",\"join_group_id\":null,\"join_group_name\":null,\"score_details\":{\"score\":76,\"capacity\":16,\"waste\":8,\"table_count\":2,\"gap_count\":0,\"area_priority\":0,\"join_group_priority\":0,\"table_priority\":0,\"preference_penalty\":0,\"learning_adjustment\":-3,\"history\":{\"exact_seen\":0,\"exact_selected\":0,\"exact_final\":1,\"area_seen\":0,\"area_selected\":0,\"sample_count\":20}}}','2026-06-11 16:23:43'),(77,1,36,45,17,1,'[15,16]','[15,16]',16,73.00,0,'{\"source\":\"adjacent_tables\",\"area_name\":\"OSF\",\"join_group_id\":null,\"join_group_name\":null,\"score_details\":{\"score\":76,\"capacity\":16,\"waste\":8,\"table_count\":2,\"gap_count\":0,\"area_priority\":0,\"join_group_priority\":0,\"table_priority\":0,\"preference_penalty\":0,\"learning_adjustment\":-3,\"history\":{\"exact_seen\":0,\"exact_selected\":0,\"exact_final\":1,\"area_seen\":0,\"area_selected\":0,\"sample_count\":20}}}','2026-06-11 16:23:43'),(78,1,36,45,18,1,'[26,27]','[26,27]',16,76.00,0,'{\"source\":\"adjacent_tables\",\"area_name\":\"OSF\",\"join_group_id\":null,\"join_group_name\":null,\"score_details\":{\"score\":76,\"capacity\":16,\"waste\":8,\"table_count\":2,\"gap_count\":0,\"area_priority\":0,\"join_group_priority\":0,\"table_priority\":0,\"preference_penalty\":0,\"learning_adjustment\":0,\"history\":{\"exact_seen\":0,\"exact_selected\":0,\"exact_final\":0,\"area_seen\":0,\"area_selected\":0,\"sample_count\":20}}}','2026-06-11 16:23:43'),(79,1,36,45,19,1,'[27,28]','[27,28]',16,76.00,0,'{\"source\":\"adjacent_tables\",\"area_name\":\"OSF\",\"join_group_id\":null,\"join_group_name\":null,\"score_details\":{\"score\":76,\"capacity\":16,\"waste\":8,\"table_count\":2,\"gap_count\":0,\"area_priority\":0,\"join_group_priority\":0,\"table_priority\":0,\"preference_penalty\":0,\"learning_adjustment\":0,\"history\":{\"exact_seen\":0,\"exact_selected\":0,\"exact_final\":0,\"area_seen\":0,\"area_selected\":0,\"sample_count\":20}}}','2026-06-11 16:23:43'),(80,1,36,45,20,4,'[53,54]','[53,54]',16,76.00,0,'{\"source\":\"adjacent_tables\",\"area_name\":\"Stables\",\"join_group_id\":null,\"join_group_name\":null,\"score_details\":{\"score\":76,\"capacity\":16,\"waste\":8,\"table_count\":2,\"gap_count\":0,\"area_priority\":0,\"join_group_priority\":0,\"table_priority\":0,\"preference_penalty\":0,\"learning_adjustment\":0,\"history\":{\"exact_seen\":0,\"exact_selected\":0,\"exact_final\":0,\"area_seen\":0,\"area_selected\":0,\"sample_count\":20}}}','2026-06-11 16:23:43');
/*!40000 ALTER TABLE `ai_assignment_candidates` ENABLE KEYS */;
UNLOCK TABLES;

--
-- Table structure for table `ai_assignment_logs`
--

DROP TABLE IF EXISTS `ai_assignment_logs`;
/*!40101 SET @saved_cs_client     = @@character_set_client */;
/*!40101 SET character_set_client = utf8 */;
CREATE TABLE `ai_assignment_logs` (
  `id` int(11) NOT NULL AUTO_INCREMENT,
  `venue_id` int(11) NOT NULL,
  `booking_id` int(11) NOT NULL,
  `suggested_area_id` int(11) DEFAULT NULL,
  `suggested_table_numbers_json` longtext CHARACTER SET utf8mb4 COLLATE utf8mb4_bin NOT NULL CHECK (json_valid(`suggested_table_numbers_json`)),
  `explanation` text NOT NULL,
  `rules_snapshot_json` longtext CHARACTER SET utf8mb4 COLLATE utf8mb4_bin NOT NULL CHECK (json_valid(`rules_snapshot_json`)),
  `accepted_by_user_id` int(11) DEFAULT NULL,
  `accepted_at` datetime DEFAULT NULL,
  `final_table_numbers_json` longtext CHARACTER SET utf8mb4 COLLATE utf8mb4_bin NOT NULL CHECK (json_valid(`final_table_numbers_json`)),
  `overridden` tinyint(1) NOT NULL DEFAULT 0,
  `created_at` datetime NOT NULL,
  PRIMARY KEY (`id`),
  KEY `fk_ai_booking` (`booking_id`),
  KEY `fk_ai_area` (`suggested_area_id`),
  KEY `fk_ai_user` (`accepted_by_user_id`),
  CONSTRAINT `fk_ai_area` FOREIGN KEY (`suggested_area_id`) REFERENCES `areas` (`id`),
  CONSTRAINT `fk_ai_booking` FOREIGN KEY (`booking_id`) REFERENCES `bookings` (`id`) ON DELETE CASCADE,
  CONSTRAINT `fk_ai_user` FOREIGN KEY (`accepted_by_user_id`) REFERENCES `users` (`id`)
) ENGINE=InnoDB AUTO_INCREMENT=40 DEFAULT CHARSET=utf8mb4 COLLATE=utf8mb4_unicode_ci;
/*!40101 SET character_set_client = @saved_cs_client */;

--
-- Dumping data for table `ai_assignment_logs`
--

LOCK TABLES `ai_assignment_logs` WRITE;
/*!40000 ALTER TABLE `ai_assignment_logs` DISABLE KEYS */;
INSERT INTO `ai_assignment_logs` VALUES (1,1,1,3,'[41]','Recommended Wisteria table(s) 41 because they cover 8 guests within the two-hour booking window. The customer preferred this area.','{\"guest_count\":8,\"preferred_area_id\":3,\"duration_minutes\":120,\"strategy\":\"Prefer one table, otherwise smallest same-area consecutive table set.\",\"blocked_function_area_ids\":[]}',1,'2026-05-25 23:09:42','[41]',0,'2026-05-25 23:09:42'),(2,1,2,1,'[1]','Recommended OSF table(s) 1 because they cover 8 guests within the two-hour booking window. The customer preferred this area.','{\"guest_count\":8,\"preferred_area_id\":1,\"duration_minutes\":120,\"strategy\":\"Prefer one table, otherwise smallest same-area consecutive table set.\",\"blocked_function_area_ids\":[]}',1,'2026-05-26 13:08:18','[1]',0,'2026-05-26 13:08:18'),(3,1,1,3,'[42]','Recommended Wisteria table(s) 42 because they cover 8 guests within the two-hour booking window. The customer preferred this area.','{\"guest_count\":8,\"preferred_area_id\":3,\"duration_minutes\":120,\"strategy\":\"Prefer one table, otherwise smallest same-area consecutive table set.\",\"blocked_function_area_ids\":[]}',1,'2026-05-26 13:16:50','[42]',0,'2026-05-26 13:16:50'),(4,1,1,1,'[1]','Recommended OSF table(s) 1 because they cover 8 guests within the two-hour booking window.','{\"guest_count\":8,\"preferred_area_id\":null,\"duration_minutes\":120,\"strategy\":\"Prefer one table, otherwise smallest same-area consecutive table set.\",\"blocked_function_area_ids\":[]}',1,'2026-05-26 13:19:32','[1]',0,'2026-05-26 13:19:32'),(5,1,3,1,'[4,5,6]','Manager selected OSF table(s) 4, 5, 6.','{\"guest_count\":8,\"duration_minutes\":120,\"strategy\":\"Manager manual table assignment.\"}',1,'2026-05-26 13:25:04','[4,5,6]',1,'2026-05-26 13:25:04'),(6,1,4,4,'[53,54]','Recommended Stables table(s) 53, 54 because they cover 11 guests within the two-hour booking window. The customer preferred this area.','{\"guest_count\":11,\"preferred_area_id\":4,\"duration_minutes\":120,\"strategy\":\"Prefer one table, otherwise smallest same-area consecutive table set.\",\"blocked_function_area_ids\":[]}',NULL,'2026-05-26 13:49:17','[53,54]',0,'2026-05-26 13:49:17'),(7,1,5,2,'[30]','Recommended Schumack table(s) 30 because they cover 8 guests within the two-hour booking window. The customer preferred this area.','{\"guest_count\":8,\"preferred_area_id\":2,\"duration_minutes\":120,\"strategy\":\"Prefer one table, otherwise smallest same-area consecutive table set.\",\"blocked_function_area_ids\":[]}',NULL,'2026-05-26 14:00:34','[30]',0,'2026-05-26 14:00:34'),(8,1,7,4,'[53,54]','Recommended Stables table(s) 53, 54 because they cover 10 guests within the two-hour booking window. The customer preferred this area.','{\"guest_count\":10,\"preferred_area_id\":4,\"duration_minutes\":120,\"strategy\":\"Prefer one table, otherwise smallest same-area consecutive table set.\",\"blocked_function_area_ids\":[]}',NULL,'2026-05-26 14:05:55','[53,54]',0,'2026-05-26 14:05:55'),(9,1,8,1,'[1]','Recommended OSF table(s) 1 because they cover 8 guests within the two-hour booking window.','{\"guest_count\":8,\"preferred_area_id\":null,\"duration_minutes\":120,\"strategy\":\"Prefer one table, otherwise smallest same-area consecutive table set.\",\"blocked_function_area_ids\":[]}',NULL,'2026-05-26 14:13:44','[1]',0,'2026-05-26 14:13:44'),(10,1,9,1,'[2]','Recommended OSF table(s) 2 because they cover 8 guests within the two-hour booking window.','{\"guest_count\":8,\"preferred_area_id\":null,\"duration_minutes\":120,\"strategy\":\"Prefer one table, otherwise smallest same-area consecutive table set.\",\"blocked_function_area_ids\":[]}',NULL,'2026-05-26 15:21:44','[2]',0,'2026-05-26 15:21:44'),(11,1,10,1,'[3]','Recommended OSF table(s) 3 because they cover 8 guests within the two-hour booking window.','{\"guest_count\":8,\"preferred_area_id\":null,\"duration_minutes\":120,\"strategy\":\"Prefer one table, otherwise smallest same-area consecutive table set.\",\"blocked_function_area_ids\":[]}',NULL,'2026-05-26 15:24:19','[3]',0,'2026-05-26 15:24:19'),(12,1,5,2,'[30]','Manager selected Schumack table(s) 30.','{\"guest_count\":8,\"duration_minutes\":120,\"strategy\":\"Manager manual table assignment.\"}',1,'2026-05-26 15:49:10','[30]',1,'2026-05-26 15:49:10'),(13,1,2,1,'[1,2,3]','Manager selected OSF table(s) 1, 2, 3.','{\"guest_count\":8,\"duration_minutes\":120,\"strategy\":\"Manager manual table assignment.\"}',1,'2026-05-26 16:50:31','[1,2,3]',1,'2026-05-26 16:50:31'),(14,1,12,1,'[1]','Manager selected OSF table(s) 1.','{\"guest_count\":8,\"duration_minutes\":120,\"strategy\":\"Manager manual table assignment.\"}',1,'2026-05-26 16:51:24','[1]',1,'2026-05-26 16:51:24'),(15,1,13,1,'[1,2]','Manager selected OSF table(s) 1, 2.','{\"guest_count\":8,\"duration_minutes\":120,\"strategy\":\"Manager manual table assignment.\"}',1,'2026-05-26 17:00:05','[1,2]',1,'2026-05-26 17:00:05'),(16,1,14,5,'[58,59,60]','Manager selected Kookaburra table(s) 58, 59, 60.','{\"guest_count\":20,\"duration_minutes\":120,\"strategy\":\"Manager manual table assignment.\"}',1,'2026-05-27 09:12:19','[58,59,60]',1,'2026-05-27 09:12:19'),(17,1,16,1,'[1]','Recommended OSF table(s) 1 because they cover 8 guests within the two-hour booking window.','{\"guest_count\":8,\"preferred_area_id\":null,\"duration_minutes\":120,\"strategy\":\"Prefer one table, otherwise smallest same-area consecutive table set.\",\"blocked_function_area_ids\":[2]}',NULL,'2026-05-27 09:41:30','[1]',0,'2026-05-27 09:41:30'),(18,1,18,1,'[7,8]','Manager selected OSF table(s) 7, 8.','{\"guest_count\":12,\"duration_minutes\":120,\"strategy\":\"Manager manual table assignment.\"}',1,'2026-05-27 14:22:09','[7,8]',1,'2026-05-27 14:22:09'),(19,1,22,2,'[34]','Manager selected Schumack table(s) 34.','{\"guest_count\":8,\"duration_minutes\":120,\"strategy\":\"Manager manual table assignment.\"}',1,'2026-05-27 18:35:42','[34]',1,'2026-05-27 18:35:42'),(20,1,24,1,'[7,8,15,16,26,27,28]','Manager selected OSF table(s) 7, 8, 15, 16, 26, 27, 28.','{\"guest_count\":20,\"duration_minutes\":120,\"strategy\":\"Manager manual table assignment.\"}',2,'2026-05-27 19:03:15','[7,8,15,16,26,27,28]',1,'2026-05-27 19:03:15'),(21,1,25,4,'[53,54,55,56,57]','Manager selected Stables table(s) 53, 54, 55, 56, 57.','{\"guest_count\":16,\"duration_minutes\":120,\"strategy\":\"Manager manual table assignment.\"}',2,'2026-05-27 19:03:46','[53,54,55,56,57]',1,'2026-05-27 19:03:46'),(22,1,26,1,'[15,16]','Recommended OSF table(s) 15, 16 because they cover 10 guests within the two-hour booking window.','{\"guest_count\":10,\"preferred_area_id\":null,\"duration_minutes\":120,\"strategy\":\"Prefer one table, otherwise smallest same-area consecutive table set.\",\"blocked_function_area_ids\":[2,3]}',NULL,'2026-05-27 19:30:22','[15,16]',0,'2026-05-27 19:30:22'),(23,1,27,1,'[26]','Recommended OSF table(s) 26 because they cover 8 guests within the two-hour booking window.','{\"guest_count\":8,\"preferred_area_id\":null,\"duration_minutes\":120,\"strategy\":\"Prefer one table, otherwise smallest same-area consecutive table set.\",\"blocked_function_area_ids\":[2,3]}',NULL,'2026-05-27 20:56:05','[26]',0,'2026-05-27 20:56:05'),(24,1,28,1,'[7]','Manager selected OSF table(s) 7.','{\"guest_count\":8,\"duration_minutes\":120,\"strategy\":\"Manager manual table assignment. Non-reservable tables may be selected manually.\"}',1,'2026-05-28 11:50:03','[7]',1,'2026-05-28 11:50:03'),(25,1,29,2,'[36]','Manager selected Schumack table(s) 36.','{\"guest_count\":8,\"duration_minutes\":120,\"strategy\":\"Manager manual table assignment. Non-reservable tables may be selected manually.\"}',1,'2026-05-28 11:50:34','[36]',1,'2026-05-28 11:50:34'),(26,1,31,1,'[15]','Manager selected OSF table(s) 15.','{\"guest_count\":8,\"duration_minutes\":120,\"strategy\":\"Manager manual table assignment. Non-reservable tables may be selected manually.\"}',1,'2026-05-28 12:01:10','[15]',1,'2026-05-28 12:01:10'),(27,1,32,1,'[7]','Recommended OSF table(s) 7 because they cover 8 guests within the two-hour booking window.','{\"guest_count\":8,\"preferred_area_id\":null,\"duration_minutes\":120,\"strategy\":\"Prefer one table, otherwise smallest same-area consecutive table set.\",\"blocked_function_area_ids\":[]}',NULL,'2026-05-28 12:23:25','[7]',0,'2026-05-28 12:23:25'),(28,1,33,1,'[7,8]','Manager selected OSF table(s) 7, 8.','{\"guest_count\":8,\"duration_minutes\":120,\"strategy\":\"Manager manual table assignment. Non-reservable tables may be selected manually.\"}',1,'2026-06-10 15:09:33','[7,8]',1,'2026-06-10 15:09:33'),(29,1,35,2,'[31]','Manager selected Schumack table(s) 31.','{\"guest_count\":8,\"duration_minutes\":120,\"strategy\":\"Manager manual table assignment. Non-reservable tables may be selected manually.\"}',1,'2026-06-10 17:03:37','[31]',1,'2026-06-10 17:03:37'),(30,1,39,2,'[30]','Recommended Schumack table(s) 30 because they cover 8 guests within the selected booking window. The customer preferred this area.','{\"guest_count\":8,\"preferred_area_id\":2,\"duration_minutes\":195,\"strategy\":\"Prefer one table, otherwise smallest same-area consecutive table set.\",\"allowed_area_ids\":[2,3],\"blocked_function_area_ids\":[]}',NULL,'2026-06-10 20:26:44','[30]',0,'2026-06-10 20:26:44'),(31,1,40,2,'[31,32]','Recommended Schumack table(s) 31, 32 because they cover 10 guests within the selected booking window. The customer preferred this area.','{\"guest_count\":10,\"preferred_area_id\":2,\"duration_minutes\":195,\"strategy\":\"Prefer one table, otherwise smallest same-area consecutive table set.\",\"allowed_area_ids\":[2,3],\"blocked_function_area_ids\":[]}',NULL,'2026-06-10 20:31:12','[31,32]',0,'2026-06-10 20:31:12'),(32,1,41,2,'[30,31]','Recommended Schumack table(s) 30, 31 using adjacent tables because they cover 10 guests with 6 spare seat(s). The customer preferred this area.','{\"guest_count\":10,\"preferred_area_id\":2,\"duration_minutes\":195,\"strategy\":\"balanced\",\"auto_assignment_score\":2,\"wasted_seats\":6,\"table_count\":2,\"gap_count\":0,\"source\":\"adjacent_tables\",\"join_group_id\":null,\"join_group_name\":null,\"prefer_consecutive\":true,\"allowed_area_ids\":[2,3],\"blocked_area_ids\":[],\"candidate_count\":31}',NULL,'2026-06-10 21:40:09','[30,31]',0,'2026-06-10 21:40:09'),(33,1,42,2,'[30,31]','Recommended Schumack table(s) 30, 31 using adjacent tables because they cover 11 guests with 5 spare seat(s). The customer preferred this area.','{\"guest_count\":11,\"preferred_area_id\":2,\"duration_minutes\":195,\"strategy\":\"fewest_tables\",\"auto_assignment_score\":0,\"wasted_seats\":5,\"table_count\":2,\"gap_count\":0,\"source\":\"adjacent_tables\",\"join_group_id\":null,\"join_group_name\":null,\"prefer_consecutive\":true,\"allowed_area_ids\":[2,3],\"blocked_area_ids\":[],\"candidate_count\":31}',NULL,'2026-06-10 21:41:06','[30,31]',0,'2026-06-10 21:41:06'),(34,1,43,2,'[36]','Recommended Schumack table(s) 36 because they cover 12 guests with 3 spare seat(s). The customer preferred this area.','{\"guest_count\":12,\"preferred_area_id\":2,\"duration_minutes\":195,\"strategy\":\"fewest_tables\",\"auto_assignment_score\":-34,\"wasted_seats\":3,\"table_count\":1,\"gap_count\":0,\"source\":\"single\",\"join_group_id\":null,\"join_group_name\":null,\"prefer_consecutive\":true,\"allowed_area_ids\":[2,3],\"blocked_area_ids\":[],\"candidate_count\":32}',NULL,'2026-06-10 21:46:12','[36]',0,'2026-06-10 21:46:12'),(35,1,33,5,'[58]','Manager selected Kookaburra table(s) 58.','{\"guest_count\":8,\"duration_minutes\":120,\"strategy\":\"Manager manual table assignment. Non-reservable tables may be selected manually.\"}',3,'2026-06-11 16:18:42','[58]',1,'2026-06-11 16:18:42'),(36,1,45,1,'[7]','Recommended OSF table(s) 7 because they cover 8 guests with 0 spare seat(s).','{\"guest_count\":8,\"preferred_area_id\":null,\"duration_minutes\":120,\"ranking_style\":\"general_learning\",\"auto_assignment_score\":0,\"wasted_seats\":0,\"table_count\":1,\"gap_count\":0,\"source\":\"single\",\"join_group_id\":null,\"join_group_name\":null,\"allowed_area_ids\":[],\"blocked_area_ids\":[2,3],\"candidate_count\":30}',NULL,'2026-06-11 16:23:43','[7]',0,'2026-06-11 16:23:43'),(37,1,45,1,'[7]','Manager selected OSF table(s) 7.','{\"guest_count\":8,\"duration_minutes\":120,\"strategy\":\"Manager manual table assignment. Non-reservable tables may be selected manually.\"}',3,'2026-06-11 16:24:03','[7]',1,'2026-06-11 16:24:03'),(38,1,45,1,'[7,8]','Manager selected OSF table(s) 7, 8.','{\"guest_count\":9,\"duration_minutes\":120,\"strategy\":\"Manager manual table assignment. Non-reservable tables may be selected manually.\"}',3,'2026-06-11 17:37:15','[7,8]',1,'2026-06-11 17:37:15'),(39,1,45,1,'[7,8]','Manager selected OSF table(s) 7, 8.','{\"guest_count\":9,\"duration_minutes\":120,\"strategy\":\"Manager manual table assignment. Non-reservable tables may be selected manually.\"}',3,'2026-06-11 17:38:21','[7,8]',1,'2026-06-11 17:38:21');
/*!40000 ALTER TABLE `ai_assignment_logs` ENABLE KEYS */;
UNLOCK TABLES;

--
-- Table structure for table `booking_custom_answers`
--

DROP TABLE IF EXISTS `booking_custom_answers`;
/*!40101 SET @saved_cs_client     = @@character_set_client */;
/*!40101 SET character_set_client = utf8 */;
CREATE TABLE `booking_custom_answers` (
  `id` int(11) NOT NULL AUTO_INCREMENT,
  `booking_id` int(11) NOT NULL,
  `field_id` int(11) DEFAULT NULL,
  `field_label_snapshot` varchar(120) NOT NULL,
  `answer` text NOT NULL,
  `created_at` datetime NOT NULL,
  PRIMARY KEY (`id`),
  KEY `idx_booking_custom_answers_booking` (`booking_id`)
) ENGINE=InnoDB AUTO_INCREMENT=9 DEFAULT CHARSET=utf8mb4 COLLATE=utf8mb4_unicode_ci;
/*!40101 SET character_set_client = @saved_cs_client */;

--
-- Dumping data for table `booking_custom_answers`
--

LOCK TABLES `booking_custom_answers` WRITE;
/*!40000 ALTER TABLE `booking_custom_answers` DISABLE KEYS */;
INSERT INTO `booking_custom_answers` VALUES (1,34,2,'Team name','John Smith','2026-06-10 15:40:04'),(2,35,2,'Team name','John Smith','2026-06-10 15:40:55'),(3,37,9,'Team name','John Smith','2026-06-10 18:01:42'),(4,39,12,'Team name','John Smith','2026-06-10 20:26:44'),(5,40,12,'Team name','John Smith','2026-06-10 20:31:12'),(6,41,12,'Team name','John Smith','2026-06-10 21:40:09'),(7,42,12,'Team name','John Smith','2026-06-10 21:41:06'),(8,43,12,'Team name','John Smith','2026-06-10 21:46:12');
/*!40000 ALTER TABLE `booking_custom_answers` ENABLE KEYS */;
UNLOCK TABLES;

--
-- Table structure for table `booking_custom_fields`
--

DROP TABLE IF EXISTS `booking_custom_fields`;
/*!40101 SET @saved_cs_client     = @@character_set_client */;
/*!40101 SET character_set_client = utf8 */;
CREATE TABLE `booking_custom_fields` (
  `id` int(11) NOT NULL AUTO_INCREMENT,
  `booking_type_id` int(11) NOT NULL,
  `label` varchar(120) NOT NULL,
  `field_type` enum('text','dropdown','checkbox','number') NOT NULL DEFAULT 'text',
  `is_required` tinyint(1) NOT NULL DEFAULT 0,
  `options_json` longtext CHARACTER SET utf8mb4 COLLATE utf8mb4_bin DEFAULT NULL CHECK (json_valid(`options_json`)),
  `display_order` int(11) NOT NULL DEFAULT 0,
  `created_at` datetime NOT NULL,
  `updated_at` datetime NOT NULL,
  PRIMARY KEY (`id`),
  KEY `idx_booking_custom_fields_type` (`booking_type_id`)
) ENGINE=InnoDB AUTO_INCREMENT=20 DEFAULT CHARSET=utf8mb4 COLLATE=utf8mb4_unicode_ci;
/*!40101 SET character_set_client = @saved_cs_client */;

--
-- Dumping data for table `booking_custom_fields`
--

LOCK TABLES `booking_custom_fields` WRITE;
/*!40000 ALTER TABLE `booking_custom_fields` DISABLE KEYS */;
INSERT INTO `booking_custom_fields` VALUES (15,19,'Team name','text',1,NULL,10,'2026-06-10 23:08:26','2026-06-10 23:08:26'),(18,31,'Team name','text',1,NULL,10,'2026-06-10 23:33:42','2026-06-10 23:33:42'),(19,4,'Team name','text',1,NULL,10,'2026-06-11 16:31:32','2026-06-11 16:31:32');
/*!40000 ALTER TABLE `booking_custom_fields` ENABLE KEYS */;
UNLOCK TABLES;

--
-- Table structure for table `booking_function_areas`
--

DROP TABLE IF EXISTS `booking_function_areas`;
/*!40101 SET @saved_cs_client     = @@character_set_client */;
/*!40101 SET character_set_client = utf8 */;
CREATE TABLE `booking_function_areas` (
  `booking_id` int(11) NOT NULL,
  `area_id` int(11) NOT NULL,
  PRIMARY KEY (`booking_id`,`area_id`),
  KEY `fk_booking_function_areas_area` (`area_id`),
  CONSTRAINT `fk_booking_function_areas_area` FOREIGN KEY (`area_id`) REFERENCES `areas` (`id`),
  CONSTRAINT `fk_booking_function_areas_booking` FOREIGN KEY (`booking_id`) REFERENCES `bookings` (`id`) ON DELETE CASCADE
) ENGINE=InnoDB DEFAULT CHARSET=utf8mb4 COLLATE=utf8mb4_unicode_ci;
/*!40101 SET character_set_client = @saved_cs_client */;

--
-- Dumping data for table `booking_function_areas`
--

LOCK TABLES `booking_function_areas` WRITE;
/*!40000 ALTER TABLE `booking_function_areas` DISABLE KEYS */;
INSERT INTO `booking_function_areas` VALUES (6,2),(15,2),(15,3),(17,2),(19,2),(20,5),(21,3),(23,2),(23,3),(23,5),(30,5),(38,2),(46,2);
/*!40000 ALTER TABLE `booking_function_areas` ENABLE KEYS */;
UNLOCK TABLES;

--
-- Table structure for table `booking_sessions`
--

DROP TABLE IF EXISTS `booking_sessions`;
/*!40101 SET @saved_cs_client     = @@character_set_client */;
/*!40101 SET character_set_client = utf8 */;
CREATE TABLE `booking_sessions` (
  `id` int(11) NOT NULL AUTO_INCREMENT,
  `booking_type_id` int(11) NOT NULL,
  `venue_id` int(11) NOT NULL,
  `date` date NOT NULL,
  `start_time` time NOT NULL,
  `end_time` time NOT NULL,
  `arrival_time` time DEFAULT NULL,
  `capacity` int(11) DEFAULT NULL,
  `booking_limit` int(11) DEFAULT NULL,
  `reserved_area_ids_json` longtext CHARACTER SET utf8mb4 COLLATE utf8mb4_bin DEFAULT NULL CHECK (json_valid(`reserved_area_ids_json`)),
  `status` enum('active','cancelled') NOT NULL DEFAULT 'active',
  `created_at` datetime NOT NULL,
  `updated_at` datetime NOT NULL,
  PRIMARY KEY (`id`),
  UNIQUE KEY `uniq_booking_session` (`booking_type_id`,`date`,`start_time`),
  KEY `idx_booking_sessions_lookup` (`booking_type_id`,`date`,`status`),
  KEY `idx_sessions_venue_date` (`venue_id`,`date`,`status`)
) ENGINE=InnoDB AUTO_INCREMENT=38161 DEFAULT CHARSET=utf8mb4 COLLATE=utf8mb4_unicode_ci;
/*!40101 SET character_set_client = @saved_cs_client */;

--
-- Dumping data for table `booking_sessions`
--

LOCK TABLES `booking_sessions` WRITE;
/*!40000 ALTER TABLE `booking_sessions` DISABLE KEYS */;
INSERT INTO `booking_sessions` VALUES (27,4,1,'2026-06-10','18:30:00','21:30:00','18:00:00',80,15,'[2,3]','active','2026-06-10 15:38:46','2026-06-10 18:53:07'),(28,4,1,'2026-06-17','18:30:00','21:30:00','18:00:00',80,15,'[2,3]','active','2026-06-10 15:38:46','2026-06-11 16:31:32'),(3459,5,1,'2026-06-13','19:00:00','21:00:00','18:00:00',NULL,NULL,NULL,'active','2026-06-10 16:38:01','2026-06-10 16:38:01'),(9429,4,1,'2026-06-16','18:30:00','21:30:00','18:00:00',80,15,'[2,3]','active','2026-06-10 17:27:01','2026-06-11 16:31:32'),(16825,4,1,'2026-06-11','18:30:00','21:30:00','18:00:00',80,15,'[2,3]','active','2026-06-10 18:53:07','2026-06-11 16:31:32'),(16827,4,1,'2026-06-18','18:30:00','21:30:00','18:00:00',80,15,'[2,3]','active','2026-06-10 18:53:07','2026-06-11 16:31:32'),(32041,19,4,'2026-06-10','19:00:00','21:30:00','18:30:00',80,NULL,NULL,'active','2026-06-10 23:10:01','2026-06-10 23:10:01'),(32042,19,4,'2026-06-17','19:00:00','21:30:00','18:30:00',80,NULL,NULL,'active','2026-06-10 23:10:01','2026-06-10 23:10:01'),(32043,19,4,'2026-06-24','19:00:00','21:30:00','18:30:00',80,NULL,NULL,'active','2026-06-10 23:10:01','2026-06-10 23:10:01'),(32044,19,4,'2026-07-01','19:00:00','21:30:00','18:30:00',80,NULL,NULL,'active','2026-06-10 23:10:01','2026-06-10 23:10:01'),(32045,19,4,'2026-07-08','19:00:00','21:30:00','18:30:00',80,NULL,NULL,'active','2026-06-10 23:10:01','2026-06-10 23:10:01'),(32046,19,4,'2026-07-15','19:00:00','21:30:00','18:30:00',80,NULL,NULL,'active','2026-06-10 23:10:01','2026-06-10 23:10:01'),(32047,19,4,'2026-07-22','19:00:00','21:30:00','18:30:00',80,NULL,NULL,'active','2026-06-10 23:10:01','2026-06-10 23:10:01'),(32048,19,4,'2026-07-29','19:00:00','21:30:00','18:30:00',80,NULL,NULL,'active','2026-06-10 23:10:01','2026-06-10 23:10:01'),(32049,19,4,'2026-08-05','19:00:00','21:30:00','18:30:00',80,NULL,NULL,'active','2026-06-10 23:10:01','2026-06-10 23:10:01'),(32050,19,4,'2026-08-12','19:00:00','21:30:00','18:30:00',80,NULL,NULL,'active','2026-06-10 23:10:01','2026-06-10 23:10:01'),(32051,19,4,'2026-08-19','19:00:00','21:30:00','18:30:00',80,NULL,NULL,'active','2026-06-10 23:10:01','2026-06-10 23:10:01'),(32052,19,4,'2026-08-26','19:00:00','21:30:00','18:30:00',80,NULL,NULL,'active','2026-06-10 23:10:01','2026-06-10 23:10:01'),(32053,19,4,'2026-09-02','19:00:00','21:30:00','18:30:00',80,NULL,NULL,'active','2026-06-10 23:10:01','2026-06-10 23:10:01'),(35580,4,1,'2026-06-23','18:30:00','21:30:00','18:00:00',80,15,'[2,3]','active','2026-06-11 16:31:33','2026-06-11 16:31:33'),(35581,4,1,'2026-06-25','18:30:00','21:30:00','18:00:00',80,15,'[2,3]','active','2026-06-11 16:31:33','2026-06-11 16:31:33'),(35582,4,1,'2026-06-30','18:30:00','21:30:00','18:00:00',80,15,'[2,3]','active','2026-06-11 16:31:33','2026-06-11 16:31:33'),(35583,4,1,'2026-07-02','18:30:00','21:30:00','18:00:00',80,15,'[2,3]','active','2026-06-11 16:31:33','2026-06-11 16:31:33'),(35584,4,1,'2026-07-07','18:30:00','21:30:00','18:00:00',80,15,'[2,3]','active','2026-06-11 16:31:33','2026-06-11 16:31:33'),(35585,4,1,'2026-07-09','18:30:00','21:30:00','18:00:00',80,15,'[2,3]','active','2026-06-11 16:31:33','2026-06-11 16:31:33'),(35586,4,1,'2026-07-14','18:30:00','21:30:00','18:00:00',80,15,'[2,3]','active','2026-06-11 16:31:33','2026-06-11 16:31:33'),(35587,4,1,'2026-07-16','18:30:00','21:30:00','18:00:00',80,15,'[2,3]','active','2026-06-11 16:31:33','2026-06-11 16:31:33'),(35588,4,1,'2026-07-21','18:30:00','21:30:00','18:00:00',80,15,'[2,3]','active','2026-06-11 16:31:33','2026-06-11 16:31:33'),(35589,4,1,'2026-07-23','18:30:00','21:30:00','18:00:00',80,15,'[2,3]','active','2026-06-11 16:31:33','2026-06-11 16:31:33'),(35590,4,1,'2026-07-28','18:30:00','21:30:00','18:00:00',80,15,'[2,3]','active','2026-06-11 16:31:33','2026-06-11 16:31:33'),(35591,4,1,'2026-07-30','18:30:00','21:30:00','18:00:00',80,15,'[2,3]','active','2026-06-11 16:31:33','2026-06-11 16:31:33'),(35592,4,1,'2026-08-04','18:30:00','21:30:00','18:00:00',80,15,'[2,3]','active','2026-06-11 16:31:33','2026-06-11 16:31:33'),(35593,4,1,'2026-08-06','18:30:00','21:30:00','18:00:00',80,15,'[2,3]','active','2026-06-11 16:31:33','2026-06-11 16:31:33'),(38058,4,1,'2026-08-11','18:30:00','21:30:00','18:00:00',80,15,'[2,3]','active','2026-06-12 19:49:27','2026-06-12 19:49:27');
/*!40000 ALTER TABLE `booking_sessions` ENABLE KEYS */;
UNLOCK TABLES;

--
-- Table structure for table `booking_tables`
--

DROP TABLE IF EXISTS `booking_tables`;
/*!40101 SET @saved_cs_client     = @@character_set_client */;
/*!40101 SET character_set_client = utf8 */;
CREATE TABLE `booking_tables` (
  `booking_id` int(11) NOT NULL,
  `table_id` int(11) NOT NULL,
  PRIMARY KEY (`booking_id`,`table_id`),
  KEY `fk_booking_tables_table` (`table_id`),
  CONSTRAINT `fk_booking_tables_booking` FOREIGN KEY (`booking_id`) REFERENCES `bookings` (`id`) ON DELETE CASCADE,
  CONSTRAINT `fk_booking_tables_table` FOREIGN KEY (`table_id`) REFERENCES `venue_tables` (`id`)
) ENGINE=InnoDB DEFAULT CHARSET=utf8mb4 COLLATE=utf8mb4_unicode_ci;
/*!40101 SET character_set_client = @saved_cs_client */;

--
-- Dumping data for table `booking_tables`
--

LOCK TABLES `booking_tables` WRITE;
/*!40000 ALTER TABLE `booking_tables` DISABLE KEYS */;
INSERT INTO `booking_tables` VALUES (1,1),(2,1),(2,2),(2,3),(3,4),(3,5),(3,6),(4,53),(4,54),(5,30),(7,53),(7,54),(8,1),(9,2),(10,3),(12,1),(13,1),(13,2),(14,58),(14,59),(14,60),(16,1),(18,7),(18,8),(22,34),(24,7),(24,8),(24,15),(24,16),(24,26),(24,27),(24,28),(25,53),(25,54),(25,55),(25,56),(25,57),(26,15),(26,16),(27,26),(28,7),(29,36),(31,15),(32,7),(33,58),(35,31),(39,30),(40,31),(40,32),(41,30),(41,31),(42,30),(42,31),(43,36),(45,7),(45,8);
/*!40000 ALTER TABLE `booking_tables` ENABLE KEYS */;
UNLOCK TABLES;

--
-- Table structure for table `booking_type_schedules`
--

DROP TABLE IF EXISTS `booking_type_schedules`;
/*!40101 SET @saved_cs_client     = @@character_set_client */;
/*!40101 SET character_set_client = utf8 */;
CREATE TABLE `booking_type_schedules` (
  `id` int(11) NOT NULL AUTO_INCREMENT,
  `booking_type_id` int(11) NOT NULL,
  `recurrence_type` enum('none','daily','weekly','fortnightly','monthly','custom') NOT NULL DEFAULT 'weekly',
  `day_of_week` tinyint(4) DEFAULT NULL,
  `day_of_month` tinyint(4) DEFAULT NULL,
  `start_time` time DEFAULT NULL,
  `end_time` time DEFAULT NULL,
  `arrival_time` time DEFAULT NULL,
  `duration_minutes` int(11) NOT NULL DEFAULT 120,
  `start_date` date DEFAULT NULL,
  `end_date` date DEFAULT NULL,
  `custom_dates_json` longtext CHARACTER SET utf8mb4 COLLATE utf8mb4_bin DEFAULT NULL CHECK (json_valid(`custom_dates_json`)),
  `reserved_area_ids_json` longtext CHARACTER SET utf8mb4 COLLATE utf8mb4_bin DEFAULT NULL CHECK (json_valid(`reserved_area_ids_json`)),
  `created_at` datetime NOT NULL,
  `updated_at` datetime NOT NULL,
  PRIMARY KEY (`id`),
  KEY `idx_booking_type_schedules_type` (`booking_type_id`)
) ENGINE=InnoDB AUTO_INCREMENT=64 DEFAULT CHARSET=utf8mb4 COLLATE=utf8mb4_unicode_ci;
/*!40101 SET character_set_client = @saved_cs_client */;

--
-- Dumping data for table `booking_type_schedules`
--

LOCK TABLES `booking_type_schedules` WRITE;
/*!40000 ALTER TABLE `booking_type_schedules` DISABLE KEYS */;
INSERT INTO `booking_type_schedules` VALUES (15,5,'none',NULL,NULL,'19:00:00','21:00:00','18:00:00',120,NULL,NULL,'[\"2026-06-13\"]',NULL,'2026-06-10 16:38:01','2026-06-10 16:38:01'),(25,2,'none',NULL,NULL,'17:00:00','22:00:00',NULL,120,NULL,NULL,NULL,NULL,'2026-06-10 17:49:30','2026-06-10 17:49:30'),(36,1,'none',NULL,NULL,'12:00:00','17:00:00',NULL,120,NULL,NULL,NULL,NULL,'2026-06-10 19:51:33','2026-06-10 19:51:33'),(37,3,'none',NULL,NULL,NULL,NULL,NULL,120,NULL,NULL,NULL,'[2,3,5]','2026-06-10 20:00:44','2026-06-10 20:00:44'),(50,19,'weekly',3,NULL,'19:00:00','21:30:00','18:30:00',150,NULL,NULL,NULL,NULL,'2026-06-10 23:08:26','2026-06-10 23:08:26'),(53,28,'none',NULL,NULL,'12:00:00','17:00:00',NULL,120,NULL,NULL,NULL,'[]','2026-06-10 23:33:42','2026-06-10 23:33:42'),(54,29,'none',NULL,NULL,'17:00:00','22:00:00',NULL,120,NULL,NULL,NULL,'[]','2026-06-10 23:33:42','2026-06-10 23:33:42'),(55,30,'none',NULL,NULL,NULL,NULL,NULL,120,NULL,NULL,NULL,'[20,21,23]','2026-06-10 23:33:42','2026-06-10 23:33:42'),(56,31,'weekly',2,NULL,'18:30:00','21:30:00','18:00:00',195,NULL,NULL,NULL,'[20,21]','2026-06-10 23:33:42','2026-06-10 23:33:42'),(57,31,'weekly',4,NULL,'18:30:00','21:30:00','18:00:00',195,NULL,NULL,NULL,'[20,21]','2026-06-10 23:33:42','2026-06-10 23:33:42'),(58,32,'none',NULL,NULL,'19:00:00','21:00:00','18:00:00',120,NULL,NULL,'[\"2026-06-13\"]','[]','2026-06-10 23:33:42','2026-06-10 23:33:42'),(62,4,'weekly',2,NULL,'18:30:00','21:30:00','18:00:00',195,NULL,NULL,NULL,'[2,3]','2026-06-11 16:31:32','2026-06-11 16:31:32'),(63,4,'weekly',4,NULL,'18:30:00','21:30:00','18:00:00',195,NULL,NULL,NULL,'[2,3]','2026-06-11 16:31:32','2026-06-11 16:31:32');
/*!40000 ALTER TABLE `booking_type_schedules` ENABLE KEYS */;
UNLOCK TABLES;

--
-- Table structure for table `booking_types`
--

DROP TABLE IF EXISTS `booking_types`;
/*!40101 SET @saved_cs_client     = @@character_set_client */;
/*!40101 SET character_set_client = utf8 */;
CREATE TABLE `booking_types` (
  `id` int(11) NOT NULL AUTO_INCREMENT,
  `venue_id` int(11) NOT NULL,
  `name` varchar(120) NOT NULL,
  `slug` varchar(90) NOT NULL,
  `category` enum('dining','event','function','custom') NOT NULL DEFAULT 'event',
  `description` text DEFAULT NULL,
  `customer_button_label` varchar(80) DEFAULT NULL,
  `internal_label` varchar(80) DEFAULT NULL,
  `is_active` tinyint(1) NOT NULL DEFAULT 1,
  `display_to_customers` tinyint(1) NOT NULL DEFAULT 1,
  `colour` varchar(20) NOT NULL DEFAULT '#276749',
  `icon` varchar(40) NOT NULL DEFAULT 'calendar',
  `capacity_mode` enum('guests','bookings','tables','area') NOT NULL DEFAULT 'guests',
  `min_guests` int(11) NOT NULL DEFAULT 1,
  `max_guests` int(11) DEFAULT NULL,
  `max_capacity` int(11) DEFAULT NULL,
  `max_bookings` int(11) DEFAULT NULL,
  `requires_approval` tinyint(1) NOT NULL DEFAULT 0,
  `auto_confirm` tinyint(1) NOT NULL DEFAULT 1,
  `allow_waitlist` tinyint(1) NOT NULL DEFAULT 0,
  `booking_cutoff_minutes` int(11) NOT NULL DEFAULT 0,
  `booking_window_days` int(11) NOT NULL DEFAULT 90,
  `cancellation_cutoff_minutes` int(11) NOT NULL DEFAULT 0,
  `sort_order` int(11) NOT NULL DEFAULT 0,
  `deleted_at` datetime DEFAULT NULL,
  `created_at` datetime NOT NULL,
  `updated_at` datetime NOT NULL,
  PRIMARY KEY (`id`),
  UNIQUE KEY `uniq_booking_types_venue_slug` (`venue_id`,`slug`),
  KEY `idx_booking_types_venue` (`venue_id`,`is_active`,`display_to_customers`)
) ENGINE=InnoDB AUTO_INCREMENT=36 DEFAULT CHARSET=utf8mb4 COLLATE=utf8mb4_unicode_ci;
/*!40101 SET character_set_client = @saved_cs_client */;

--
-- Dumping data for table `booking_types`
--

LOCK TABLES `booking_types` WRITE;
/*!40000 ALTER TABLE `booking_types` DISABLE KEYS */;
INSERT INTO `booking_types` VALUES (1,1,'Lunch','lunch','dining','Standard lunch table bookings.','Lunch','Lunch',1,1,'#e89117','sun','tables',8,29,NULL,NULL,0,1,0,120,90,240,10,NULL,'2026-06-10 15:25:18','2026-06-10 19:51:33'),(2,1,'Dinner','dinner','dining','Standard dinner table bookings.','Dinner','Dinner',1,1,'#3b921c','moon','tables',8,29,NULL,NULL,0,1,0,120,90,240,20,NULL,'2026-06-10 15:25:18','2026-06-10 17:49:30'),(3,1,'Function','function','function','Larger groups and private event enquiries.','Function Enquiry','Functions',1,1,'#2f80ed','wine','area',20,200,NULL,NULL,1,0,0,120,90,240,30,NULL,'2026-06-10 15:25:18','2026-06-10 20:00:44'),(4,1,'Trivia','trivia','event','Join us every Tuesday and Thursday night for trivia.','Trivia','Trivia',1,1,'#7a5091','help-circle','tables',2,20,80,15,0,1,1,720,60,240,40,NULL,'2026-06-10 15:25:18','2026-06-11 16:31:32'),(5,1,'Test','test-deleted-5','event','Testing','Test','Test',0,0,'#23d1b4','calendar','guests',1,10,NULL,NULL,1,1,0,0,90,0,1080,'2026-06-11 22:27:06','2026-06-10 16:35:09','2026-06-11 22:27:06'),(16,4,'Lunch','lunch','dining','Standard lunch table bookings.','Lunch','Lunch',1,1,'#276749','sun','tables',8,29,NULL,NULL,0,1,0,120,90,240,10,NULL,'2026-06-10 23:08:26','2026-06-10 23:08:26'),(17,4,'Dinner','dinner','dining','Standard dinner table bookings.','Dinner','Dinner',1,1,'#c47f2c','moon','tables',8,29,NULL,NULL,0,1,0,120,90,240,20,NULL,'2026-06-10 23:08:26','2026-06-10 23:08:26'),(18,4,'Function Enquiry','function-enquiry','function','Larger groups and private event enquiries.','Function Enquiry','Functions',1,1,'#2f80ed','wine','area',8,200,NULL,NULL,1,0,0,120,90,240,30,NULL,'2026-06-10 23:08:26','2026-06-10 23:08:26'),(19,4,'Trivia Night','trivia-night','event','Join us every Wednesday for pub trivia.','Book Trivia','Trivia',1,1,'#4f8f5d','help-circle','guests',2,10,80,NULL,0,1,1,120,90,240,40,NULL,'2026-06-10 23:08:26','2026-06-10 23:08:26'),(28,7,'Lunch','lunch','dining','Standard lunch table bookings.','Lunch','Lunch',1,1,'#e89117','sun','tables',8,29,NULL,NULL,0,1,0,120,90,240,10,NULL,'2026-06-10 23:33:42','2026-06-10 23:33:42'),(29,7,'Dinner','dinner','dining','Standard dinner table bookings.','Dinner','Dinner',1,1,'#3b921c','moon','tables',8,29,NULL,NULL,0,1,0,120,90,240,20,NULL,'2026-06-10 23:33:42','2026-06-10 23:33:42'),(30,7,'Function','function','function','Larger groups and private event enquiries.','Function Enquiry','Functions',1,1,'#2f80ed','wine','area',20,200,NULL,NULL,1,0,0,120,90,240,30,NULL,'2026-06-10 23:33:42','2026-06-10 23:33:42'),(31,7,'Trivia','trivia','event','Join us every Tuesday and Thursday night for trivia.','Trivia','Trivia',1,1,'#7a5091','help-circle','tables',2,20,80,15,0,1,1,120,60,240,40,NULL,'2026-06-10 23:33:42','2026-06-10 23:33:42'),(32,7,'Test','test','event','Testing','Test','Test',1,1,'#23d1b4','calendar','guests',1,10,NULL,NULL,1,1,0,0,90,0,80,NULL,'2026-06-10 23:33:42','2026-06-10 23:33:42');
/*!40000 ALTER TABLE `booking_types` ENABLE KEYS */;
UNLOCK TABLES;

--
-- Table structure for table `bookings`
--

DROP TABLE IF EXISTS `bookings`;
/*!40101 SET @saved_cs_client     = @@character_set_client */;
/*!40101 SET character_set_client = utf8 */;
CREATE TABLE `bookings` (
  `id` int(11) NOT NULL AUTO_INCREMENT,
  `venue_id` int(11) NOT NULL,
  `booking_reference` varchar(30) NOT NULL,
  `booking_type` enum('table','function','event') NOT NULL,
  `booking_type_id` int(11) DEFAULT NULL,
  `booking_session_id` int(11) DEFAULT NULL,
  `status` enum('pending','confirmed','seated','completed','cancelled','no_show','approved','declined','waitlist') NOT NULL,
  `customer_id` int(11) NOT NULL,
  `customer_name_snapshot` varchar(120) DEFAULT NULL,
  `customer_email_snapshot` varchar(160) DEFAULT NULL,
  `customer_phone_snapshot` varchar(30) DEFAULT NULL,
  `guest_count` int(11) NOT NULL,
  `booking_date` date NOT NULL,
  `start_time` time NOT NULL,
  `end_time` time NOT NULL,
  `preferred_area_id` int(11) DEFAULT NULL,
  `assigned_area_id` int(11) DEFAULT NULL,
  `notes` text DEFAULT NULL,
  `staff_notes` text DEFAULT NULL,
  `event_type` varchar(120) DEFAULT NULL,
  `manager_message` text DEFAULT NULL,
  `created_by_user_id` int(11) DEFAULT NULL,
  `updated_by_user_id` int(11) DEFAULT NULL,
  `created_at` datetime NOT NULL,
  `updated_at` datetime NOT NULL,
  PRIMARY KEY (`id`),
  UNIQUE KEY `booking_reference` (`booking_reference`),
  KEY `fk_bookings_customer` (`customer_id`),
  KEY `fk_bookings_preferred_area` (`preferred_area_id`),
  KEY `fk_bookings_assigned_area` (`assigned_area_id`),
  KEY `fk_bookings_created_by` (`created_by_user_id`),
  KEY `fk_bookings_updated_by` (`updated_by_user_id`),
  KEY `idx_bookings_lookup` (`booking_type`,`booking_date`,`status`),
  KEY `idx_bookings_overlap` (`booking_date`,`start_time`,`end_time`),
  KEY `idx_bookings_booking_type_id` (`booking_type_id`),
  KEY `idx_bookings_booking_session_id` (`booking_session_id`),
  KEY `idx_bookings_venue_date` (`venue_id`,`booking_date`,`status`),
  CONSTRAINT `fk_bookings_assigned_area` FOREIGN KEY (`assigned_area_id`) REFERENCES `areas` (`id`),
  CONSTRAINT `fk_bookings_created_by` FOREIGN KEY (`created_by_user_id`) REFERENCES `users` (`id`),
  CONSTRAINT `fk_bookings_customer` FOREIGN KEY (`customer_id`) REFERENCES `customers` (`id`),
  CONSTRAINT `fk_bookings_preferred_area` FOREIGN KEY (`preferred_area_id`) REFERENCES `areas` (`id`),
  CONSTRAINT `fk_bookings_updated_by` FOREIGN KEY (`updated_by_user_id`) REFERENCES `users` (`id`)
) ENGINE=InnoDB AUTO_INCREMENT=47 DEFAULT CHARSET=utf8mb4 COLLATE=utf8mb4_unicode_ci;
/*!40101 SET character_set_client = @saved_cs_client */;

--
-- Dumping data for table `bookings`
--

LOCK TABLES `bookings` WRITE;
/*!40000 ALTER TABLE `bookings` DISABLE KEYS */;
INSERT INTO `bookings` VALUES (1,1,'RSV-20260525-9167','table',NULL,NULL,'confirmed',1,'Sam Alfredoo','dohaibinh.26072000@gmail.com','0499785548',8,'2026-06-06','14:00:00','16:00:00',NULL,1,'',NULL,'',NULL,1,1,'2026-05-25 23:09:42','2026-05-27 15:21:26'),(2,1,'RSV-20260526-4554','table',NULL,NULL,'confirmed',1,'Sam Alfredoo','dohaibinh.26072000@gmail.com','0499785548',8,'2026-07-31','18:30:00','20:30:00',1,1,'','','',NULL,1,1,'2026-05-26 13:08:18','2026-05-26 16:50:31'),(3,1,'RSV-20260526-6697','table',NULL,NULL,'confirmed',1,'Sam Alfredoo','dohaibinh.26072000@gmail.com','0499785548',8,'2026-07-31','16:00:00','18:00:00',NULL,1,'window',NULL,NULL,NULL,1,1,'2026-05-26 13:25:04','2026-05-26 13:25:04'),(4,1,'RSV-20260526-2635','table',NULL,NULL,'confirmed',1,'Sam Alfredoo','dohaibinh.26072000@gmail.com','0499785548',11,'2026-05-30','12:00:00','14:00:00',4,4,'TTT',NULL,NULL,NULL,NULL,NULL,'2026-05-26 13:49:17','2026-05-26 13:49:17'),(5,1,'RSV-20260526-9304','table',NULL,NULL,'confirmed',1,'Sam Alfredoo','dohaibinh.26072000@gmail.com','0499785548',8,'2026-05-26','12:00:00','14:00:00',2,2,'lorem ipum  sadsajkd jkskjdasd djkfas sadasdas fdafa fefe gtgrg fefefef fadsad dasdasdas','','',NULL,NULL,1,'2026-05-26 14:00:34','2026-05-26 15:49:10'),(6,1,'RSV-20260526-3863','function',NULL,NULL,'approved',1,'Sam Alfredoo','dohaibinh.26072000@gmail.com','0499785548',80,'2026-05-26','18:00:00','21:00:00',NULL,2,'','','Birthday',NULL,NULL,1,'2026-05-26 14:01:31','2026-05-26 17:04:46'),(7,1,'RSV-20260526-2644','table',NULL,NULL,'completed',1,'Sam Alfredoo','dohaibinh.26072000@gmail.com','0499785548',10,'2026-05-26','12:00:00','14:00:00',4,4,'',NULL,NULL,NULL,NULL,1,'2026-05-26 14:05:55','2026-05-26 15:35:14'),(8,1,'RSV-20260526-9499','table',NULL,NULL,'no_show',2,'Wissy','werakdongol04@gmail.com','0499785558',8,'2026-05-26','18:00:00','20:00:00',NULL,1,'Company: CIHE',NULL,NULL,NULL,NULL,1,'2026-05-26 14:13:44','2026-05-26 16:01:48'),(9,1,'RSV-20260526-3192','table',NULL,NULL,'confirmed',2,'Wissy','werakdongol04@gmail.com','0499785558',8,'2026-05-26','18:00:00','20:00:00',NULL,1,'Company: CIHE',NULL,NULL,NULL,NULL,NULL,'2026-05-26 15:21:44','2026-05-26 15:21:44'),(10,1,'RSV-20260526-3216','table',NULL,NULL,'confirmed',2,'Wissy','werakdongol04@gmail.com','0499785558',8,'2026-05-26','18:00:00','20:00:00',NULL,1,'Company: CIHE',NULL,NULL,NULL,NULL,NULL,'2026-05-26 15:24:19','2026-05-26 15:24:19'),(11,1,'RSV-20260526-9108','function',NULL,NULL,'pending',2,'Wissy','werakdongol04@gmail.com','0499785558',8,'2026-05-26','18:00:00','21:00:00',NULL,NULL,'Company: CIHE',NULL,'Function',NULL,NULL,NULL,'2026-05-26 15:24:45','2026-05-26 15:24:45'),(12,1,'RSV-20260526-6520','table',NULL,NULL,'confirmed',1,'Sam Alfredoo','dohaibinh.26072000@gmail.com','0499785548',8,'2026-05-30','12:00:00','14:00:00',NULL,1,'','',NULL,NULL,1,1,'2026-05-26 16:51:24','2026-05-26 16:51:24'),(13,1,'RSV-20260526-6239','table',NULL,NULL,'confirmed',3,'Damien','werakzz@gmail.com','0499785548',8,'2026-05-29','13:00:00','15:00:00',NULL,1,'','',NULL,NULL,1,1,'2026-05-26 17:00:05','2026-05-27 17:14:21'),(14,1,'RSV-20260527-6644','table',NULL,NULL,'confirmed',3,'Damien','werakzz@gmail.com','0499785548',20,'2026-05-30','18:00:00','20:00:00',NULL,5,'','21st Birthday',NULL,NULL,1,1,'2026-05-27 09:12:19','2026-05-27 09:12:19'),(15,1,'RSV-20260527-6422','function',NULL,NULL,'confirmed',3,'Damien','werakzz@gmail.com','0499785548',29,'2026-05-30','18:00:00','21:00:00',NULL,2,'','Portable bar they want some candles','21st Birthday','',1,1,'2026-05-27 09:39:51','2026-05-27 20:43:11'),(16,1,'RSV-20260527-1840','table',NULL,NULL,'confirmed',3,'Damien','werakzz@gmail.com','0499785548',8,'2026-05-30','18:00:00','20:00:00',NULL,1,'Dietary requirement; Accessibility required; Company: Rudra','',NULL,NULL,NULL,NULL,'2026-05-27 09:41:29','2026-05-27 09:41:29'),(17,1,'RSV-20260527-5566','function',NULL,NULL,'approved',3,'Damien','werakzz@gmail.com','0499785548',60,'2026-06-06','18:00:00','21:00:00',NULL,2,'Gluten Allergy\nAllergy; Pram space required; Company: Meem Colletive','','Christmas Party',NULL,NULL,1,'2026-05-27 09:45:46','2026-05-27 20:27:42'),(18,1,'RSV-20260527-8400','table',NULL,NULL,'confirmed',3,'Damien','werakzz@gmail.com','0499785548',12,'2026-05-30','18:00:00','20:00:00',NULL,1,'','',NULL,NULL,1,1,'2026-05-27 14:22:09','2026-05-27 14:22:09'),(19,1,'RSV-20260527-7195','function',NULL,NULL,'approved',3,'Damien','werakzz@gmail.com','0499785548',60,'2026-05-31','12:00:00','16:00:00',NULL,2,'','','Wake','',1,1,'2026-05-27 15:54:08','2026-05-27 15:54:08'),(20,1,'RSV-20260527-1537','function',NULL,NULL,'confirmed',2,'Wissy','werakdongol04@gmail.com','0499785558',30,'2026-05-30','18:00:00','21:00:00',NULL,5,'','','70th birthday','',1,1,'2026-05-27 15:55:46','2026-05-28 11:51:15'),(21,1,'RSV-20260527-4478','function',NULL,NULL,'confirmed',3,'Sammy','werakzz@gmail.com','0499785548',50,'2026-06-06','18:00:00','21:00:00',NULL,3,'','','Birthday','',1,1,'2026-05-27 16:04:43','2026-05-27 20:51:36'),(22,1,'RSV-20260527-8612','table',NULL,NULL,'confirmed',3,'Sujal','werakzz@gmail.com','0499785548',8,'2026-05-27','19:00:00','21:00:00',NULL,2,'','',NULL,NULL,1,1,'2026-05-27 18:35:42','2026-05-27 18:35:42'),(23,1,'RSV-20260527-7078','function',NULL,NULL,'confirmed',4,'ANU','wekk@gmail.com','0499785548',120,'2026-06-05','18:00:00','21:00:00',NULL,2,'','','Birthday','',2,2,'2026-05-27 19:01:29','2026-05-27 19:02:28'),(24,1,'RSV-20260527-9857','table',NULL,NULL,'confirmed',3,'Werak','werakzz@gmail.com','0499785548',20,'2026-06-05','18:00:00','20:00:00',NULL,1,'','',NULL,NULL,2,2,'2026-05-27 19:03:15','2026-05-27 19:03:15'),(25,1,'RSV-20260527-6968','table',NULL,NULL,'confirmed',1,'San Fraen','dohaibinh.26072000@gmail.com','0499785548',16,'2026-06-05','18:00:00','20:00:00',NULL,4,'','',NULL,NULL,2,2,'2026-05-27 19:03:46','2026-05-27 19:03:46'),(26,1,'RSV-20260527-3921','table',NULL,NULL,'confirmed',3,'Rudra Rudra','werakzz@gmail.com','+61499785548',10,'2026-05-30','18:00:00','20:00:00',NULL,1,'inside','',NULL,NULL,NULL,NULL,'2026-05-27 19:30:22','2026-05-27 19:30:22'),(27,1,'RSV-20260527-1350','table',NULL,NULL,'confirmed',2,'Old Canberra Inn','werakdongol04@gmail.com','0499785548',8,'2026-05-30','18:00:00','20:00:00',NULL,1,'Company: Old Canberra Inn','',NULL,NULL,NULL,NULL,'2026-05-27 20:56:05','2026-05-27 20:56:05'),(28,1,'RSV-20260528-1917','table',NULL,NULL,'confirmed',2,'Werak','werakdongol04@gmail.com','0499785548',8,'2026-05-28','18:00:00','20:00:00',NULL,1,'','',NULL,NULL,1,1,'2026-05-28 11:50:03','2026-05-28 11:50:03'),(29,1,'RSV-20260528-2040','table',NULL,NULL,'confirmed',1,'Sam Alfred','dohaibinh.26072000@gmail.com','0499785548',8,'2026-05-28','16:00:00','18:00:00',NULL,2,'','',NULL,NULL,1,1,'2026-05-28 11:50:34','2026-05-28 11:50:34'),(30,1,'RSV-20260528-7032','function',NULL,NULL,'confirmed',4,'John Smith','wekk@gmail.com','0499785548',30,'2026-05-28','18:00:00','21:00:00',NULL,5,'','','Birthday','',1,1,'2026-05-28 11:51:02','2026-05-28 12:07:17'),(31,1,'RSV-20260528-2995','table',NULL,NULL,'confirmed',2,'Werak','werakdongol04@gmail.com','0499785548',8,'2026-05-28','18:00:00','20:00:00',NULL,1,'','',NULL,NULL,1,1,'2026-05-28 12:01:10','2026-05-28 12:01:10'),(32,1,'RSV-20260528-3616','table',NULL,NULL,'confirmed',5,'John Smith','werakz69@gmail.com','0499785539',8,'2026-06-12','12:00:00','14:00:00',NULL,1,'','',NULL,NULL,NULL,NULL,'2026-05-28 12:23:25','2026-05-28 12:23:25'),(33,1,'RSV-20260610-9637','table',NULL,NULL,'confirmed',2,'Werak','werakdongol04@gmail.com','0499785548',8,'2026-06-11','18:00:00','20:00:00',NULL,5,'','','',NULL,1,3,'2026-06-10 15:09:33','2026-06-11 16:18:42'),(34,1,'RSV-20260610-5768','event',4,28,'confirmed',5,'Johnny','werakz69@gmail.com','0499785539',8,'2026-06-17','18:30:00','21:30:00',NULL,NULL,'Company: Old Canberra Inn',NULL,'Trivia Night',NULL,NULL,NULL,'2026-06-10 15:40:04','2026-06-10 15:40:04'),(35,1,'RSV-20260610-7560','event',4,27,'confirmed',5,'Lola Pola','werakz69@gmail.com','0499785539',8,'2026-06-10','18:30:00','20:30:00',NULL,2,'Company: Old Canberra Inn','','Trivia Night',NULL,NULL,1,'2026-06-10 15:40:55','2026-06-10 17:03:37'),(36,1,'RSV-20260610-8810','event',5,3459,'cancelled',5,'Testing','werakz69@gmail.com','0499785539',8,'2026-06-13','19:00:00','21:00:00',NULL,NULL,'',NULL,'Test',NULL,NULL,3,'2026-06-10 16:38:22','2026-06-11 22:27:28'),(37,1,'RSV-20260610-8707','event',4,9429,'confirmed',5,'John Smith','werakz69@gmail.com','0499785539',8,'2026-06-16','18:30:00','21:30:00',NULL,NULL,'Company: Old Canberra Inn',NULL,'Trivia',NULL,NULL,NULL,'2026-06-10 18:01:42','2026-06-10 18:01:42'),(38,1,'RSV-20260610-5039','function',NULL,NULL,'confirmed',6,'Dinner','manager@oldcanberrainn.com.au','(02) 6134 6000',12,'2026-06-10','18:00:00','21:00:00',NULL,2,'','','21st Birthday','',1,1,'2026-06-10 20:13:33','2026-06-10 20:14:27'),(39,1,'RSV-20260610-8538','event',4,16825,'confirmed',5,'IoT Security','werakz69@gmail.com','0499785539',8,'2026-06-11','18:30:00','21:45:00',NULL,2,'Company: Old Canberra Inn',NULL,'Trivia',NULL,NULL,NULL,'2026-06-10 20:26:44','2026-06-10 20:26:44'),(40,1,'RSV-20260610-6678','event',4,16825,'confirmed',5,'John Smith','werakz69@gmail.com','0499785539',10,'2026-06-11','18:30:00','21:45:00',NULL,2,'Company: Old Canberra Inn',NULL,'Trivia',NULL,NULL,NULL,'2026-06-10 20:31:12','2026-06-10 20:31:12'),(41,1,'RSV-20260610-3343','event',4,28,'confirmed',5,'IoT Security','werakz69@gmail.com','0499785539',10,'2026-06-17','18:30:00','21:45:00',NULL,2,'Company: Old Canberra Inn',NULL,'Trivia',NULL,NULL,NULL,'2026-06-10 21:40:09','2026-06-10 21:40:09'),(42,1,'RSV-20260610-2192','event',4,9429,'confirmed',5,'IoT Security','werakz69@gmail.com','0499785539',11,'2026-06-16','18:30:00','21:45:00',NULL,2,'Company: Old Canberra Inn',NULL,'Trivia',NULL,NULL,NULL,'2026-06-10 21:41:06','2026-06-10 21:41:06'),(43,1,'RSV-20260610-9491','event',4,16827,'confirmed',5,'IoT Security','werakz69@gmail.com','0499785539',12,'2026-06-18','18:30:00','21:45:00',NULL,2,'Company: Old Canberra Inn',NULL,'Trivia',NULL,NULL,NULL,'2026-06-10 21:46:12','2026-06-10 21:46:12'),(45,1,'RSV-20260611-3656','table',1,NULL,'confirmed',2,'Werak','werakdongol04@gmail.com','0499785548',9,'2026-06-11','17:00:00','19:00:00',NULL,1,'Company: Werak','They want outside table if not raining, but if its raining seat them inside','',NULL,NULL,3,'2026-06-11 16:23:43','2026-06-11 22:36:51'),(46,1,'RSV-20260611-7955','function',NULL,NULL,'confirmed',2,'Werak','werakdongol04@gmail.com','0499785548',30,'2026-06-11','18:00:00','21:00:00',NULL,2,'','','Birthday','',3,3,'2026-06-11 22:37:46','2026-06-11 22:37:55');
/*!40000 ALTER TABLE `bookings` ENABLE KEYS */;
UNLOCK TABLES;

--
-- Table structure for table `customers`
--

DROP TABLE IF EXISTS `customers`;
/*!40101 SET @saved_cs_client     = @@character_set_client */;
/*!40101 SET character_set_client = utf8 */;
CREATE TABLE `customers` (
  `id` int(11) NOT NULL AUTO_INCREMENT,
  `venue_id` int(11) NOT NULL,
  `name` varchar(120) NOT NULL,
  `email` varchar(160) NOT NULL,
  `phone` varchar(30) NOT NULL,
  `created_at` datetime NOT NULL,
  `updated_at` datetime NOT NULL,
  PRIMARY KEY (`id`),
  UNIQUE KEY `uniq_customers_venue_email` (`venue_id`,`email`)
) ENGINE=InnoDB AUTO_INCREMENT=8 DEFAULT CHARSET=utf8mb4 COLLATE=utf8mb4_unicode_ci;
/*!40101 SET character_set_client = @saved_cs_client */;

--
-- Dumping data for table `customers`
--

LOCK TABLES `customers` WRITE;
/*!40000 ALTER TABLE `customers` DISABLE KEYS */;
INSERT INTO `customers` VALUES (1,1,'Sam Alfredoo','dohaibinh.26072000@gmail.com','0499785548','2026-05-25 23:09:42','2026-05-26 17:04:46'),(2,1,'Wissy','werakdongol04@gmail.com','0499785558','2026-05-26 14:13:44','2026-05-27 15:55:46'),(3,1,'Damien','werakzz@gmail.com','0499785548','2026-05-26 17:00:05','2026-05-27 15:54:08'),(4,1,'ANU','wekk@gmail.com','0499785548','2026-05-27 19:01:29','2026-05-27 19:01:29'),(5,1,'John Smith','werakz69@gmail.com','0499785539','2026-05-28 12:23:25','2026-05-28 12:23:25'),(6,1,'Dinner','manager@oldcanberrainn.com.au','(02) 6134 6000','2026-06-10 20:13:33','2026-06-10 20:13:33');
/*!40000 ALTER TABLE `customers` ENABLE KEYS */;
UNLOCK TABLES;

--
-- Table structure for table `email_logs`
--

DROP TABLE IF EXISTS `email_logs`;
/*!40101 SET @saved_cs_client     = @@character_set_client */;
/*!40101 SET character_set_client = utf8 */;
CREATE TABLE `email_logs` (
  `id` int(11) NOT NULL AUTO_INCREMENT,
  `venue_id` int(11) NOT NULL,
  `booking_id` int(11) DEFAULT NULL,
  `recipient_email` varchar(160) NOT NULL,
  `subject` varchar(180) NOT NULL,
  `body` text NOT NULL,
  `status` enum('logged','sent','failed') NOT NULL DEFAULT 'logged',
  `created_at` datetime NOT NULL,
  PRIMARY KEY (`id`),
  KEY `fk_email_booking` (`booking_id`),
  CONSTRAINT `fk_email_booking` FOREIGN KEY (`booking_id`) REFERENCES `bookings` (`id`) ON DELETE SET NULL
) ENGINE=InnoDB AUTO_INCREMENT=58 DEFAULT CHARSET=utf8mb4 COLLATE=utf8mb4_unicode_ci;
/*!40101 SET character_set_client = @saved_cs_client */;

--
-- Dumping data for table `email_logs`
--

LOCK TABLES `email_logs` WRITE;
/*!40000 ALTER TABLE `email_logs` DISABLE KEYS */;
INSERT INTO `email_logs` VALUES (1,1,1,'dohaibinh.26072000@gmail.com','Old Canberra Inn booking RSV-20260525-9167 confirmed','Hi Sam Alfred, your table booking for 8 guests on 2026-06-06 at 14:00 is confirmed. Your table area is Wisteria and your reference is RSV-20260525-9167.','logged','2026-05-25 23:09:42'),(2,1,2,'dohaibinh.26072000@gmail.com','Old Canberra Inn booking RSV-20260526-4554 confirmed','Hi Sujal, your table booking for 8 guests on 2026-07-31 at 18:30 is confirmed. Your table area is OSF and your reference is RSV-20260526-4554.','logged','2026-05-26 13:08:18'),(3,1,3,'dohaibinh.26072000@gmail.com','Old Canberra Inn booking RSV-20260526-6697 confirmed','Hi Sujal, your table booking for 8 guests on 2026-07-31 at 16:00 is confirmed. Your table area is OSF and your reference is RSV-20260526-6697.','logged','2026-05-26 13:25:04'),(4,1,4,'dohaibinh.26072000@gmail.com','Old Canberra Inn booking RSV-20260526-2635 confirmed','Hi Sujal, your table booking for 11 guests on 2026-05-30 at 12:00 is confirmed. Your table area is Stables and your reference is RSV-20260526-2635.','logged','2026-05-26 13:49:17'),(5,1,5,'dohaibinh.26072000@gmail.com','Old Canberra Inn booking RSV-20260526-9304 confirmed','Hi Sam Alfred, your table booking for 8 guests on 2026-05-26 at 12:00 is confirmed. Your table area is Schumack and your reference is RSV-20260526-9304.','logged','2026-05-26 14:00:34'),(6,1,6,'dohaibinh.26072000@gmail.com','Old Canberra Inn function request RSV-20260526-3863 received','Hi Sam Alfred, your function request has been received. A manager will review the area and send a confirmation message.','logged','2026-05-26 14:01:31'),(7,1,7,'dohaibinh.26072000@gmail.com','Old Canberra Inn booking RSV-20260526-2644 confirmed','Hi Sam Alfred, your table booking for 10 guests on 2026-05-26 at 12:00 is confirmed. Your table area is Stables and your reference is RSV-20260526-2644.','logged','2026-05-26 14:05:55'),(8,1,8,'werakdongol04@gmail.com','Old Canberra Inn booking RSV-20260526-9499 confirmed','Hi Werak  Dongol, your table booking for 8 guests on 2026-05-26 at 18:00 is confirmed. Your table area is OSF and your reference is RSV-20260526-9499.','logged','2026-05-26 14:13:44'),(9,1,9,'werakdongol04@gmail.com','Old Canberra Inn booking RSV-20260526-3192 confirmed','Hi Werak  Dongol, your table booking for 8 guests on 2026-05-26 at 18:00 is confirmed. Your table area is OSF and your reference is RSV-20260526-3192.','logged','2026-05-26 15:21:44'),(10,1,10,'werakdongol04@gmail.com','Old Canberra Inn booking RSV-20260526-3216 confirmed','Hi Werak  Dongol, your table booking for 8 guests on 2026-05-26 at 18:00 is confirmed. Your table area is OSF and your reference is RSV-20260526-3216.','logged','2026-05-26 15:24:19'),(11,1,11,'werakdongol04@gmail.com','Old Canberra Inn function request RSV-20260526-9108 received','Hi Werak  Dongol, your function request has been received. A manager will review the area and send a confirmation message.','logged','2026-05-26 15:24:45'),(12,1,12,'dohaibinh.26072000@gmail.com','Old Canberra Inn booking RSV-20260526-6520 confirmed','Hi Sam Alfredoo, your table booking for 8 guests on 2026-05-30 at 12:00 is confirmed. Your table area is OSF and your reference is RSV-20260526-6520.','logged','2026-05-26 16:51:24'),(13,1,13,'werakzz@gmail.com','Old Canberra Inn booking RSV-20260526-6239 confirmed','Hi Sammy D, your table booking for 8 guests on 2026-05-29 at 13:00 is confirmed. Your table area is OSF and your reference is RSV-20260526-6239.','logged','2026-05-26 17:00:05'),(14,1,14,'werakzz@gmail.com','Old Canberra Inn booking RSV-20260527-6644 confirmed','Hi Rudra, your table booking for 20 guests on 2026-05-30 at 18:00 is confirmed. Your table area is Kookaburra and your reference is RSV-20260527-6644.','logged','2026-05-27 09:12:19'),(15,1,15,'werakzz@gmail.com','Old Canberra Inn function booking RSV-20260527-6422 created','Hi Do Hai Binh, your function booking for 30 guests on 2026-05-30 at 18:00 has been created.','logged','2026-05-27 09:39:51'),(16,1,16,'werakzz@gmail.com','Old Canberra Inn booking RSV-20260527-1840 confirmed','Hi Rudra Rudra, your table booking for 8 guests on 2026-05-30 at 18:00 is confirmed. Your table area is OSF and your reference is RSV-20260527-1840.','logged','2026-05-27 09:41:30'),(17,1,17,'werakzz@gmail.com','Old Canberra Inn function request RSV-20260527-5566 received','Hi James Smith, your function request has been received. A manager will review the area and send a confirmation message.','logged','2026-05-27 09:45:46'),(18,1,18,'werakzz@gmail.com','Old Canberra Inn booking RSV-20260527-8400 confirmed','Hi Sam, your table booking for 12 guests on 2026-05-30 at 18:00 is confirmed. Your table area is OSF and your reference is RSV-20260527-8400.','logged','2026-05-27 14:22:09'),(19,1,15,'werakzz@gmail.com','Old Canberra Inn function booking RSV-20260527-6422 confirmed','Hi Sam, your 21st Birthday function booking at Old Canberra Inn is confirmed. Reference: RSV-20260527-6422. Date: Sat, 30 May 2026. Time: 6:00 PM - 9:00 PM. Guests: 30. Area(s): Schumack.','logged','2026-05-27 15:29:04'),(20,1,19,'werakzz@gmail.com','Old Canberra Inn function booking RSV-20260527-7195 approved','Hi Damien, your Wake function booking at Old Canberra Inn is approved. Reference: RSV-20260527-7195. Date: Sun, 31 May 2026. Time: 12:00 PM - 4:00 PM. Guests: 60. Area(s): Schumack.','logged','2026-05-27 15:54:08'),(21,1,20,'werakdongol04@gmail.com','Old Canberra Inn function booking RSV-20260527-1537 created','Hi Wissy, your function booking for 30 guests on 2026-05-30 at 18:00 has been created.','logged','2026-05-27 15:55:46'),(22,1,21,'werakzz@gmail.com','Old Canberra Inn function booking RSV-20260527-4478 created','Hi Sammy, your function booking for 50 guests on 2026-06-06 at 18:00 has been created.','logged','2026-05-27 16:04:43'),(23,1,22,'werakzz@gmail.com','Old Canberra Inn booking RSV-20260527-8612 confirmed','Hi Sujal, your table booking for 8 guests on 2026-05-27 at 19:00 is confirmed. Your table area is Schumack and your reference is RSV-20260527-8612.','logged','2026-05-27 18:35:42'),(24,1,23,'wekk@gmail.com','Old Canberra Inn function booking RSV-20260527-7078 created','Hi ANU, your function booking for 120 guests on 2026-06-05 at 18:00 has been created.','logged','2026-05-27 19:01:29'),(25,1,23,'wekk@gmail.com','Old Canberra Inn function booking RSV-20260527-7078 confirmed','Hi ANU, your Birthday function booking at Old Canberra Inn is confirmed. Reference: RSV-20260527-7078. Date: Fri, 5 Jun 2026. Time: 6:00 PM - 9:00 PM. Guests: 120. Area(s): Schumack, Wisteria, Kookaburra.','logged','2026-05-27 19:02:28'),(26,1,24,'werakzz@gmail.com','Old Canberra Inn booking RSV-20260527-9857 confirmed','Hi Werak, your table booking for 20 guests on 2026-06-05 at 18:00 is confirmed. Your table area is OSF and your reference is RSV-20260527-9857.','logged','2026-05-27 19:03:15'),(27,1,25,'dohaibinh.26072000@gmail.com','Old Canberra Inn booking RSV-20260527-6968 confirmed','Hi San Fraen, your table booking for 16 guests on 2026-06-05 at 18:00 is confirmed. Your table area is Stables and your reference is RSV-20260527-6968.','logged','2026-05-27 19:03:46'),(28,1,26,'werakzz@gmail.com','Old Canberra Inn booking RSV-20260527-3921 confirmed','Hi Rudra Rudra, your table booking for 10 guests on 2026-05-30 at 18:00 is confirmed. Your table area is OSF and your reference is RSV-20260527-3921.','logged','2026-05-27 19:30:22'),(29,1,15,'werakzz@gmail.com','Booking Confirmed','HI Damien, your booking has been confirmed for this date. See you soon.','logged','2026-05-27 20:04:33'),(30,1,15,'werakzz@gmail.com','Old Canberra Inn booking RSV-20260527-6422 confirmation','Hi Damien,\n\nYour 21st birthday function at Old Canberra Inn is confirmed.\n\nReference: RSV-20260527-6422\nDate: Sat, 30 May 2026\nTime: 6:00 PM - 9:00 PM\nGuests: 29\nArea(s): Schumack, Wisteria\n\nKind regards,\nOld Canberra Inn','logged','2026-05-27 20:09:35'),(31,1,20,'werakdongol04@gmail.com','Old Canberra Inn booking RSV-20260527-1537 update','Hi Wissy,\n\nThanks for your 70th birthday function enquiry. Unfortunately, we are unable to accommodate this booking as requested.\n\nReference: RSV-20260527-1537\nDate: Sat, 30 May 2026\nTime: 6:00 PM - 9:00 PM\nGuests: 30\nArea(s): Kookaburra\n\nKind regards,\nOld Canberra Inn','logged','2026-05-27 20:15:46'),(32,1,17,'werakzz@gmail.com','Old Canberra Inn function booking RSV-20260527-5566 approved','Hi Damien, your Christmas Party function booking at Old Canberra Inn is approved. Reference: RSV-20260527-5566. Date: Sat, 6 Jun 2026. Time: 6:00 PM - 9:00 PM. Guests: 60. Area(s): Schumack.','logged','2026-05-27 20:27:42'),(33,1,15,'werakzz@gmail.com','Old Canberra Inn function booking RSV-20260527-6422 confirmed','Hi Damien, your 21st Birthday function booking at Old Canberra Inn is confirmed. Reference: RSV-20260527-6422. Date: Sat, 30 May 2026. Time: 6:00 PM - 9:00 PM. Guests: 29. Area(s): Schumack, Wisteria.','logged','2026-05-27 20:38:04'),(34,1,15,'werakzz@gmail.com','Old Canberra Inn booking RSV-20260527-6422 update','Hi Damien,\n\nThanks for your 21st birthday function enquiry. Unfortunately, we are unable to accommodate this booking as requested.\n\nBooking details:\nReference: RSV-20260527-6422\nDate: Sat, 30 May 2026\nTime: 6:00 PM - 9:00 PM\nGuests: 29\nArea(s): Schumack, Wisteria\n\nKind regards,\nOld Canberra Inn','logged','2026-05-27 20:43:05'),(35,1,15,'werakzz@gmail.com','Old Canberra Inn booking RSV-20260527-6422 confirmation','Hi Damien,\n\nYour 21st birthday function at Old Canberra Inn is confirmed.\n\nBooking details:\nReference: RSV-20260527-6422\nDate: Sat, 30 May 2026\nTime: 6:00 PM - 9:00 PM\nGuests: 29\nArea(s): Schumack, Wisteria\n\nKind regards,\nOld Canberra Inn','logged','2026-05-27 20:43:22'),(36,1,21,'werakzz@gmail.com','Old Canberra Inn booking RSV-20260527-4478 confirmation','Hi Sammy,\n\nYour birthday function at Old Canberra Inn is confirmed.\n\nPlease let us know if anyone in your group has dietary requirements or allergies.\nPlease note that a deposit or pre-payment may be required to secure the booking.\n\nBooking details:\nReference: RSV-20260527-4478\nDate: Sat, 6 Jun 2026\nTime: 6:00 PM - 9:00 PM\nGuests: 50\nArea(s): Wisteria\n\nKind regards,\nOld Canberra Inn','logged','2026-05-27 20:52:43'),(37,1,27,'werakdongol04@gmail.com','Old Canberra Inn booking RSV-20260527-1350 confirmed','Hi Old Canberra Inn, your table booking for 8 guests on 2026-05-30 at 18:00 is confirmed. Your table area is OSF and your reference is RSV-20260527-1350.','logged','2026-05-27 20:56:05'),(38,1,15,'werakzz@gmail.com','Old Canberra Inn booking RSV-20260527-6422 confirmation','Hi Damien,\n\nYour 21st birthday function at Old Canberra Inn is confirmed.\n\nPlease let us know if anyone in your group has dietary requirements or allergies.\n\nBooking details:\nReference: RSV-20260527-6422\nDate: Sat, 30 May 2026\nTime: 6:00 PM - 9:00 PM\nGuests: 29\nArea(s): Schumack, Wisteria\n\nKind regards,\nOld Canberra Inn','logged','2026-05-28 00:17:59'),(39,1,28,'werakdongol04@gmail.com','Old Canberra Inn booking RSV-20260528-1917 confirmed','Hi Werak, your table booking for 8 guests on 2026-05-28 at 18:00 is confirmed. Your table area is OSF and your reference is RSV-20260528-1917.','logged','2026-05-28 11:50:03'),(40,1,29,'dohaibinh.26072000@gmail.com','Old Canberra Inn booking RSV-20260528-2040 confirmed','Hi Sam Alfred, your table booking for 8 guests on 2026-05-28 at 16:00 is confirmed. Your table area is Schumack and your reference is RSV-20260528-2040.','logged','2026-05-28 11:50:34'),(41,1,30,'wekk@gmail.com','Old Canberra Inn function booking RSV-20260528-7032 created','Hi John Smith, your function booking for 30 guests on 2026-05-28 at 18:00 has been created.','logged','2026-05-28 11:51:02'),(42,1,31,'werakdongol04@gmail.com','Old Canberra Inn booking RSV-20260528-2995 confirmed','Hi Werak, your table booking for 8 guests on 2026-05-28 at 18:00 is confirmed. Your table area is OSF and your reference is RSV-20260528-2995.','logged','2026-05-28 12:01:10'),(43,1,32,'werakz69@gmail.com','Old Canberra Inn booking RSV-20260528-3616 confirmed','Hi John Smith, your table booking for 8 guests on 2026-06-12 at 12:00 is confirmed. Your table area is OSF and your reference is RSV-20260528-3616.','logged','2026-05-28 12:23:25'),(44,1,33,'werakdongol04@gmail.com','Old Canberra Inn booking RSV-20260610-9637 confirmed','Hi Werak, your table booking for 8 guests on 2026-06-11 at 18:00 is confirmed. Your table area is OSF and your reference is RSV-20260610-9637.','logged','2026-06-10 15:09:33'),(45,1,34,'werakz69@gmail.com','Trivia Night booking RSV-20260610-5768 confirmed','Hi Johnny, your Trivia Night booking for 8 guests on 2026-06-17 at 18:30:00 is confirmed. Your reference is RSV-20260610-5768.','logged','2026-06-10 15:40:04'),(46,1,35,'werakz69@gmail.com','Trivia Night booking RSV-20260610-7560 confirmed','Hi Lola Pola, your Trivia Night booking for 8 guests on 2026-06-10 at 18:30:00 is confirmed. Your reference is RSV-20260610-7560.','logged','2026-06-10 15:40:55'),(47,1,36,'werakz69@gmail.com','Test booking RSV-20260610-8810 received','Hi Testing, your Test booking for 8 guests on 2026-06-13 at 19:00:00 is received. Your reference is RSV-20260610-8810.','logged','2026-06-10 16:38:22'),(48,1,37,'werakz69@gmail.com','Trivia booking RSV-20260610-8707 confirmed','Hi John Smith, your Trivia booking for 8 guests on 2026-06-16 at 18:30:00 is confirmed. Your reference is RSV-20260610-8707.','logged','2026-06-10 18:01:42'),(49,1,38,'manager@oldcanberrainn.com.au','Old Canberra Inn function booking RSV-20260610-5039 created','Hi Dinner, your function booking for 30 guests on 2026-06-10 at 18:00 has been created.','logged','2026-06-10 20:13:33'),(50,1,38,'manager@oldcanberrainn.com.au','Old Canberra Inn booking RSV-20260610-5039 confirmation','Hi Dinner,\n\nYour 21st birthday function at Old Canberra Inn is confirmed.\n\nBooking details:\nReference: RSV-20260610-5039\nDate: Wed, 10 Jun 2026\nTime: 6:00 PM - 9:00 PM\nGuests: 30\nArea(s): Schumack\n\nKind regards,\nOld Canberra Inn','logged','2026-06-10 20:13:51'),(51,1,39,'werakz69@gmail.com','Trivia booking RSV-20260610-8538 confirmed','Hi IoT Security, your Trivia booking for 8 guests on 2026-06-11 at 18:30:00 is confirmed. Your reference is RSV-20260610-8538.','logged','2026-06-10 20:26:44'),(52,1,40,'werakz69@gmail.com','Trivia booking RSV-20260610-6678 confirmed','Hi John Smith, your Trivia booking for 10 guests on 2026-06-11 at 18:30:00 is confirmed. Your reference is RSV-20260610-6678.','logged','2026-06-10 20:31:12'),(53,1,41,'werakz69@gmail.com','Trivia booking RSV-20260610-3343 confirmed','Hi IoT Security, your Trivia booking for 10 guests on 2026-06-17 at 18:30:00 is confirmed. Your reference is RSV-20260610-3343.','logged','2026-06-10 21:40:09'),(54,1,42,'werakz69@gmail.com','Trivia booking RSV-20260610-2192 confirmed','Hi IoT Security, your Trivia booking for 11 guests on 2026-06-16 at 18:30:00 is confirmed. Your reference is RSV-20260610-2192.','logged','2026-06-10 21:41:06'),(55,1,43,'werakz69@gmail.com','Trivia booking RSV-20260610-9491 confirmed','Hi IoT Security, your Trivia booking for 12 guests on 2026-06-18 at 18:30:00 is confirmed. Your reference is RSV-20260610-9491.','logged','2026-06-10 21:46:12'),(56,1,45,'werakdongol04@gmail.com','Old Canberra Inn booking RSV-20260611-3656 confirmed','Hi Werak, your table booking for 8 guests on 2026-06-11 at 17:00 is confirmed. Your table area is OSF and your reference is RSV-20260611-3656.','logged','2026-06-11 16:23:43'),(57,1,46,'werakdongol04@gmail.com','Old Canberra Inn function booking RSV-20260611-7955 created','Hi Werak, your function booking for 30 guests on 2026-06-11 at 18:00 has been created.','logged','2026-06-11 22:37:46');
/*!40000 ALTER TABLE `email_logs` ENABLE KEYS */;
UNLOCK TABLES;

--
-- Table structure for table `online_booking_blocks`
--

DROP TABLE IF EXISTS `online_booking_blocks`;
/*!40101 SET @saved_cs_client     = @@character_set_client */;
/*!40101 SET character_set_client = utf8 */;
CREATE TABLE `online_booking_blocks` (
  `venue_id` int(11) NOT NULL,
  `block_date` date NOT NULL,
  `created_by_user_id` int(11) DEFAULT NULL,
  `created_at` datetime NOT NULL,
  `updated_at` datetime NOT NULL,
  PRIMARY KEY (`venue_id`,`block_date`)
) ENGINE=InnoDB DEFAULT CHARSET=utf8mb4 COLLATE=utf8mb4_unicode_ci;
/*!40101 SET character_set_client = @saved_cs_client */;

--
-- Dumping data for table `online_booking_blocks`
--

LOCK TABLES `online_booking_blocks` WRITE;
/*!40000 ALTER TABLE `online_booking_blocks` DISABLE KEYS */;
INSERT INTO `online_booking_blocks` VALUES (1,'2026-06-05',1,'2026-05-27 19:26:24','2026-05-27 19:26:24');
/*!40000 ALTER TABLE `online_booking_blocks` ENABLE KEYS */;
UNLOCK TABLES;

--
-- Table structure for table `opening_hours`
--

DROP TABLE IF EXISTS `opening_hours`;
/*!40101 SET @saved_cs_client     = @@character_set_client */;
/*!40101 SET character_set_client = utf8 */;
CREATE TABLE `opening_hours` (
  `venue_id` int(11) NOT NULL,
  `day_of_week` tinyint(4) NOT NULL,
  `opens_at` time NOT NULL,
  `closes_at` time NOT NULL,
  `is_closed` tinyint(1) NOT NULL DEFAULT 0,
  `updated_at` datetime NOT NULL,
  PRIMARY KEY (`venue_id`,`day_of_week`)
) ENGINE=InnoDB DEFAULT CHARSET=utf8mb4 COLLATE=utf8mb4_unicode_ci;
/*!40101 SET character_set_client = @saved_cs_client */;

--
-- Dumping data for table `opening_hours`
--

LOCK TABLES `opening_hours` WRITE;
/*!40000 ALTER TABLE `opening_hours` DISABLE KEYS */;
INSERT INTO `opening_hours` VALUES (1,0,'12:00:00','21:00:00',0,'2026-06-11 16:26:20'),(1,1,'12:00:00','21:30:00',0,'2026-06-11 16:26:20'),(1,2,'12:00:00','21:30:00',0,'2026-06-11 16:26:20'),(1,3,'12:00:00','21:30:00',0,'2026-06-11 16:26:20'),(1,4,'12:00:00','21:30:00',0,'2026-06-11 16:26:20'),(1,5,'12:00:00','22:00:00',0,'2026-06-11 16:26:20'),(1,6,'12:00:00','22:00:00',0,'2026-06-11 16:26:20'),(4,0,'12:00:00','21:00:00',0,'2026-06-10 23:06:40'),(4,1,'12:00:00','21:00:00',0,'2026-06-10 23:06:40'),(4,2,'12:00:00','21:00:00',0,'2026-06-10 23:06:40'),(4,3,'12:00:00','21:00:00',0,'2026-06-10 23:06:40'),(4,4,'12:00:00','21:00:00',0,'2026-06-10 23:06:40'),(4,5,'12:00:00','21:00:00',0,'2026-06-10 23:06:40'),(4,6,'12:00:00','21:00:00',0,'2026-06-10 23:06:40'),(7,0,'12:00:00','21:00:00',0,'2026-06-10 23:33:42'),(7,1,'12:00:00','21:30:00',0,'2026-06-10 23:33:42'),(7,2,'12:00:00','21:30:00',0,'2026-06-10 23:33:42'),(7,3,'12:00:00','21:30:00',0,'2026-06-10 23:33:42'),(7,4,'12:00:00','21:30:00',0,'2026-06-10 23:33:42'),(7,5,'12:00:00','22:00:00',0,'2026-06-10 23:33:42'),(7,6,'12:00:00','22:00:00',0,'2026-06-10 23:33:42');
/*!40000 ALTER TABLE `opening_hours` ENABLE KEYS */;
UNLOCK TABLES;

--
-- Table structure for table `settings`
--

DROP TABLE IF EXISTS `settings`;
/*!40101 SET @saved_cs_client     = @@character_set_client */;
/*!40101 SET character_set_client = utf8 */;
CREATE TABLE `settings` (
  `venue_id` int(11) NOT NULL,
  `setting_key` varchar(80) NOT NULL,
  `setting_value` varchar(255) NOT NULL,
  `updated_at` datetime NOT NULL,
  PRIMARY KEY (`venue_id`,`setting_key`)
) ENGINE=InnoDB DEFAULT CHARSET=utf8mb4 COLLATE=utf8mb4_unicode_ci;
/*!40101 SET character_set_client = @saved_cs_client */;

--
-- Dumping data for table `settings`
--

LOCK TABLES `settings` WRITE;
/*!40000 ALTER TABLE `settings` DISABLE KEYS */;
INSERT INTO `settings` VALUES (1,'annual_closed_day','12-25','2026-06-11 16:26:20'),(1,'annual_closed_days','12-25','2026-06-11 16:26:20'),(1,'auto_assignment_enabled','1','2026-06-11 16:26:20'),(1,'booking_policy_note','Online bookings are for groups of 8 or more. Smaller groups are welcome to walk in.','2026-06-11 16:26:20'),(1,'booking_terms_and_conditions','Bookings are subject to venue availability and confirmation.\n\nPlease arrive on time for your booking. Tables may be released if guests arrive late without contacting the venue.\n\nGuest numbers should be accurate at the time of booking. If your party size c','2026-06-11 16:26:20'),(1,'default_duration_minutes','120','2026-06-11 16:26:20'),(1,'max_table_guests','29','2026-06-11 16:26:20'),(1,'min_table_guests','8','2026-06-11 16:26:20'),(1,'minimum_booking_notice_minutes','240','2026-06-11 16:26:20'),(1,'online_function_requests_enabled','1','2026-06-11 16:26:20'),(1,'online_table_bookings_enabled','1','2026-06-11 16:26:20'),(1,'slot_interval_minutes','30','2026-06-11 16:26:20'),(1,'venue_email','manager@oldcanberrainn.com.au','2026-06-11 16:26:20'),(1,'venue_image_url','http://127.0.0.1:8000/uploads/venue/venue-20260527-170440-9eec8e9b.jpg','2026-06-11 16:26:20'),(1,'venue_name','Old Canberra Inn','2026-06-11 16:26:20'),(1,'venue_phone','(02) 6134 6000','2026-06-11 16:26:20'),(4,'annual_closed_day','12-25','2026-06-10 23:06:40'),(4,'annual_closed_days','12-25','2026-06-10 23:06:40'),(4,'auto_assignment_enabled','1','2026-06-10 23:06:40'),(4,'booking_policy_note','Online bookings are for groups of 8 or more. Smaller groups are welcome to walk in.','2026-06-10 23:06:40'),(4,'booking_terms_and_conditions','Bookings are subject to venue availability and confirmation.\n\nPlease arrive on time for your booking. Tables may be released if guests arrive late without contacting the venue.\n\nGuest numbers should be accurate at the time of booking. If your party size c','2026-06-10 23:06:40'),(4,'default_duration_minutes','120','2026-06-10 23:06:40'),(4,'max_table_guests','29','2026-06-10 23:06:40'),(4,'min_table_guests','8','2026-06-10 23:06:40'),(4,'minimum_booking_notice_minutes','0','2026-06-10 23:06:40'),(4,'online_function_requests_enabled','1','2026-06-10 23:06:40'),(4,'online_table_bookings_enabled','1','2026-06-10 23:06:40'),(4,'slot_interval_minutes','30','2026-06-10 23:06:40'),(4,'venue_email','zengodbomb@gmail.com','2026-06-10 23:06:40'),(4,'venue_image_url','','2026-06-10 23:06:40'),(4,'venue_name','Test Venue','2026-06-10 23:06:40'),(4,'venue_phone','0499785548','2026-06-10 23:06:40'),(7,'annual_closed_day','12-25','2026-06-10 23:33:42'),(7,'annual_closed_days','12-25','2026-06-10 23:33:42'),(7,'auto_assignment_enabled','1','2026-06-10 23:33:42'),(7,'booking_policy_note','Online bookings are for groups of 8 or more. Smaller groups are welcome to walk in.','2026-06-10 23:33:42'),(7,'booking_terms_and_conditions','Bookings are subject to venue availability and confirmation.\n\nPlease arrive on time for your booking. Tables may be released if guests arrive late without contacting the venue.\n\nGuest numbers should be accurate at the time of booking. If your party size c','2026-06-10 23:33:42'),(7,'default_duration_minutes','120','2026-06-10 23:33:42'),(7,'max_table_guests','29','2026-06-10 23:33:42'),(7,'min_table_guests','8','2026-06-10 23:33:42'),(7,'minimum_booking_notice_minutes','0','2026-06-10 23:33:42'),(7,'online_function_requests_enabled','1','2026-06-10 23:33:42'),(7,'online_table_bookings_enabled','1','2026-06-10 23:33:42'),(7,'slot_interval_minutes','30','2026-06-10 23:33:42'),(7,'venue_email','dohaibinh.26072000@gmail.com','2026-06-10 23:33:42'),(7,'venue_image_url','http://127.0.0.1:8000/uploads/venue/venue-20260527-170440-9eec8e9b.jpg','2026-06-10 23:33:42'),(7,'venue_name','Venue 2 Test','2026-06-10 23:33:42'),(7,'venue_phone','0499785548','2026-06-10 23:33:42');
/*!40000 ALTER TABLE `settings` ENABLE KEYS */;
UNLOCK TABLES;

--
-- Table structure for table `table_join_group_tables`
--

DROP TABLE IF EXISTS `table_join_group_tables`;
/*!40101 SET @saved_cs_client     = @@character_set_client */;
/*!40101 SET character_set_client = utf8 */;
CREATE TABLE `table_join_group_tables` (
  `join_group_id` int(11) NOT NULL,
  `table_id` int(11) NOT NULL,
  PRIMARY KEY (`join_group_id`,`table_id`),
  KEY `fk_table_join_group_tables_table` (`table_id`),
  CONSTRAINT `fk_table_join_group_tables_group` FOREIGN KEY (`join_group_id`) REFERENCES `table_join_groups` (`id`) ON DELETE CASCADE,
  CONSTRAINT `fk_table_join_group_tables_table` FOREIGN KEY (`table_id`) REFERENCES `venue_tables` (`id`) ON DELETE CASCADE
) ENGINE=InnoDB DEFAULT CHARSET=utf8mb4 COLLATE=utf8mb4_unicode_ci;
/*!40101 SET character_set_client = @saved_cs_client */;

--
-- Dumping data for table `table_join_group_tables`
--

LOCK TABLES `table_join_group_tables` WRITE;
/*!40000 ALTER TABLE `table_join_group_tables` DISABLE KEYS */;
INSERT INTO `table_join_group_tables` VALUES (1,1),(1,2),(1,3),(1,4),(1,5),(1,6),(1,7),(1,8),(1,9),(1,10),(1,11),(1,12),(1,13),(1,14),(1,15),(1,16),(1,17),(1,18),(1,19),(1,20),(1,21),(1,22),(1,23),(1,25),(1,26),(1,27),(1,28),(1,29),(1,74),(2,30),(2,31),(2,32),(2,33),(2,34),(2,35),(2,36),(2,37),(2,38),(2,40),(3,41),(3,42),(3,43),(3,44),(3,45),(3,46),(3,47),(3,48),(3,49),(3,50),(3,51),(3,52),(4,53),(4,54),(4,55),(4,56),(4,57),(5,58),(5,59),(5,60),(6,61),(6,62),(6,63),(6,64),(6,65),(6,66),(6,67),(6,68),(6,69),(6,70),(6,71),(6,72),(6,73),(19,220),(19,221),(19,222),(19,223),(19,224),(19,225),(19,226),(19,227),(19,228),(19,229),(19,230),(19,231),(19,232),(19,233),(19,234),(19,235),(19,236),(19,237),(19,238),(19,239),(19,240),(19,241),(19,242),(19,243),(19,244),(19,245),(19,246),(19,247),(19,248),(20,249),(20,250),(20,251),(20,252),(20,253),(20,254),(20,255),(20,256),(20,257),(20,258),(21,259),(21,260),(21,261),(21,262),(21,263),(21,264),(21,265),(21,266),(21,267),(21,268),(21,269),(21,270),(22,271),(22,272),(22,273),(22,274),(22,275),(23,276),(23,277),(23,278),(24,279),(24,280),(24,281),(24,282),(24,283),(24,284),(24,285),(24,286),(24,287),(24,288),(24,289),(24,290),(24,291);
/*!40000 ALTER TABLE `table_join_group_tables` ENABLE KEYS */;
UNLOCK TABLES;

--
-- Table structure for table `table_join_groups`
--

DROP TABLE IF EXISTS `table_join_groups`;
/*!40101 SET @saved_cs_client     = @@character_set_client */;
/*!40101 SET character_set_client = utf8 */;
CREATE TABLE `table_join_groups` (
  `id` int(11) NOT NULL AUTO_INCREMENT,
  `venue_id` int(11) NOT NULL,
  `area_id` int(11) NOT NULL,
  `name` varchar(120) NOT NULL,
  `max_tables` int(11) DEFAULT NULL,
  `active` tinyint(1) NOT NULL DEFAULT 1,
  `priority` int(11) NOT NULL DEFAULT 0,
  `created_at` datetime NOT NULL,
  `updated_at` datetime NOT NULL,
  PRIMARY KEY (`id`),
  KEY `idx_table_join_groups_area` (`area_id`,`active`,`priority`),
  CONSTRAINT `fk_table_join_groups_area` FOREIGN KEY (`area_id`) REFERENCES `areas` (`id`) ON DELETE CASCADE
) ENGINE=InnoDB AUTO_INCREMENT=25 DEFAULT CHARSET=utf8mb4 COLLATE=utf8mb4_unicode_ci;
/*!40101 SET character_set_client = @saved_cs_client */;

--
-- Dumping data for table `table_join_groups`
--

LOCK TABLES `table_join_groups` WRITE;
/*!40000 ALTER TABLE `table_join_groups` DISABLE KEYS */;
INSERT INTO `table_join_groups` VALUES (1,1,1,'OSF join group',4,1,10,'2026-06-10 21:19:25','2026-06-10 21:19:25'),(2,1,2,'Schumack join group',4,1,20,'2026-06-10 21:19:25','2026-06-10 21:19:25'),(3,1,3,'Wisteria join group',4,1,30,'2026-06-10 21:19:25','2026-06-10 21:19:25'),(4,1,4,'Stables join group',4,1,40,'2026-06-10 21:19:25','2026-06-10 21:19:25'),(5,1,5,'Kookaburra join group',4,1,50,'2026-06-10 21:19:25','2026-06-10 21:19:25'),(6,1,6,'Main Bar join group',4,1,60,'2026-06-10 21:19:25','2026-06-10 21:19:25'),(19,7,19,'OSF join group',4,1,10,'2026-06-10 23:33:42','2026-06-10 23:33:42'),(20,7,20,'Schumack join group',4,1,20,'2026-06-10 23:33:42','2026-06-10 23:33:42'),(21,7,21,'Wisteria join group',4,1,30,'2026-06-10 23:33:42','2026-06-10 23:33:42'),(22,7,22,'Stables join group',4,1,40,'2026-06-10 23:33:42','2026-06-10 23:33:42'),(23,7,23,'Kookaburra join group',4,1,50,'2026-06-10 23:33:42','2026-06-10 23:33:42'),(24,7,24,'Main Bar join group',4,1,60,'2026-06-10 23:33:42','2026-06-10 23:33:42');
/*!40000 ALTER TABLE `table_join_groups` ENABLE KEYS */;
UNLOCK TABLES;

--
-- Table structure for table `user_venues`
--

DROP TABLE IF EXISTS `user_venues`;
/*!40101 SET @saved_cs_client     = @@character_set_client */;
/*!40101 SET character_set_client = utf8 */;
CREATE TABLE `user_venues` (
  `user_id` int(11) NOT NULL,
  `venue_id` int(11) NOT NULL,
  `role` enum('owner','manager','staff') NOT NULL DEFAULT 'manager',
  `created_at` datetime NOT NULL,
  `updated_at` datetime NOT NULL,
  PRIMARY KEY (`user_id`,`venue_id`),
  KEY `idx_user_venues_venue` (`venue_id`)
) ENGINE=InnoDB DEFAULT CHARSET=utf8mb4 COLLATE=utf8mb4_unicode_ci;
/*!40101 SET character_set_client = @saved_cs_client */;

--
-- Dumping data for table `user_venues`
--

LOCK TABLES `user_venues` WRITE;
/*!40000 ALTER TABLE `user_venues` DISABLE KEYS */;
INSERT INTO `user_venues` VALUES (1,1,'owner','2026-06-10 22:01:03','2026-06-10 22:01:03'),(1,4,'owner','2026-06-10 23:06:40','2026-06-10 23:06:40'),(2,1,'owner','2026-06-10 22:01:03','2026-06-10 22:01:03'),(3,1,'manager','2026-06-10 22:24:16','2026-06-10 22:24:16'),(3,7,'owner','2026-06-10 23:33:42','2026-06-10 23:33:42'),(5,4,'manager','2026-06-10 23:09:01','2026-06-10 23:09:01');
/*!40000 ALTER TABLE `user_venues` ENABLE KEYS */;
UNLOCK TABLES;

--
-- Table structure for table `users`
--

DROP TABLE IF EXISTS `users`;
/*!40101 SET @saved_cs_client     = @@character_set_client */;
/*!40101 SET character_set_client = utf8 */;
CREATE TABLE `users` (
  `id` int(11) NOT NULL AUTO_INCREMENT,
  `name` varchar(120) NOT NULL,
  `email` varchar(160) NOT NULL,
  `role` enum('manager','customer') NOT NULL DEFAULT 'manager',
  `password_hash` varchar(255) NOT NULL,
  `status` enum('active','inactive') NOT NULL DEFAULT 'active',
  `avatar_url` varchar(255) DEFAULT NULL,
  `is_platform_admin` tinyint(1) NOT NULL DEFAULT 0,
  `created_at` datetime NOT NULL,
  `updated_at` datetime NOT NULL,
  PRIMARY KEY (`id`),
  UNIQUE KEY `email` (`email`)
) ENGINE=InnoDB AUTO_INCREMENT=8 DEFAULT CHARSET=utf8mb4 COLLATE=utf8mb4_unicode_ci;
/*!40101 SET character_set_client = @saved_cs_client */;

--
-- Dumping data for table `users`
--

LOCK TABLES `users` WRITE;
/*!40000 ALTER TABLE `users` DISABLE KEYS */;
INSERT INTO `users` VALUES (1,'Resrva Admin','admin@resrva.test','manager','$2y$10$TFmxQt22rkg/nkg6ybGpeeCnbhpNSjIWwOVYeBdA7J77uhXEBwQMS','active',NULL,1,'2026-05-25 22:57:26','2026-06-12 19:58:02'),(2,'Old Canberra Inn','werakdongol04@gmail.com','manager','$2y$10$hNv59bs8Znf9l7VSjFndQeS2X9Bshm6vMryTVyVIEjnV6vpqaeXZq','active','http://127.0.0.1:8000/uploads/users/user-2-20260527-191326-f0496911.jpg',0,'2026-05-27 18:55:24','2026-05-27 19:13:28'),(3,'OCI Manager','werakz69@gmail.com','manager','$2y$10$rNEP86Du3I7SHyjYjs4c3ehknKMZK7aZ7fTN1JilfJXh86/Ctkr5S','active',NULL,0,'2026-06-10 22:24:16','2026-06-10 22:24:16'),(5,'Test Manager','clienttest@resrva.com','manager','$2y$10$/IrzrXbBLe3r4sk5tWisIOWwlb39mIBXfgvBWMbJ5bG.6xjyzaeY2','active',NULL,0,'2026-06-10 23:09:01','2026-06-10 23:09:01');
/*!40000 ALTER TABLE `users` ENABLE KEYS */;
UNLOCK TABLES;

--
-- Table structure for table `venue_tables`
--

DROP TABLE IF EXISTS `venue_tables`;
/*!40101 SET @saved_cs_client     = @@character_set_client */;
/*!40101 SET character_set_client = utf8 */;
CREATE TABLE `venue_tables` (
  `id` int(11) NOT NULL AUTO_INCREMENT,
  `venue_id` int(11) NOT NULL,
  `area_id` int(11) NOT NULL,
  `table_number` int(11) NOT NULL,
  `capacity` int(11) NOT NULL DEFAULT 8,
  `active` tinyint(1) NOT NULL DEFAULT 1,
  `auto_assign_enabled` tinyint(1) NOT NULL DEFAULT 1,
  `joinable` tinyint(1) NOT NULL DEFAULT 1,
  `assignment_priority` int(11) NOT NULL DEFAULT 0,
  `preferred_min_guests` int(11) DEFAULT NULL,
  `preferred_max_guests` int(11) DEFAULT NULL,
  `keep_for_walkins` tinyint(1) NOT NULL DEFAULT 0,
  `accessibility_friendly` tinyint(1) NOT NULL DEFAULT 0,
  `created_at` datetime NOT NULL,
  `updated_at` datetime NOT NULL,
  PRIMARY KEY (`id`),
  UNIQUE KEY `uniq_tables_venue_number` (`venue_id`,`table_number`),
  KEY `fk_tables_area` (`area_id`),
  KEY `idx_tables_venue_area` (`venue_id`,`area_id`,`active`),
  CONSTRAINT `fk_tables_area` FOREIGN KEY (`area_id`) REFERENCES `areas` (`id`)
) ENGINE=InnoDB AUTO_INCREMENT=292 DEFAULT CHARSET=utf8mb4 COLLATE=utf8mb4_unicode_ci;
/*!40101 SET character_set_client = @saved_cs_client */;

--
-- Dumping data for table `venue_tables`
--

LOCK TABLES `venue_tables` WRITE;
/*!40000 ALTER TABLE `venue_tables` DISABLE KEYS */;
INSERT INTO `venue_tables` VALUES (1,1,1,1,8,0,1,1,0,NULL,NULL,0,0,'2026-05-25 22:57:26','2026-05-27 15:48:58'),(2,1,1,2,8,0,1,1,0,NULL,NULL,0,0,'2026-05-25 22:57:26','2026-05-27 17:09:40'),(3,1,1,3,8,0,1,1,0,NULL,NULL,0,0,'2026-05-25 22:57:26','2026-05-27 17:09:45'),(4,1,1,4,8,0,1,1,0,NULL,NULL,0,0,'2026-05-25 22:57:26','2026-05-27 17:09:48'),(5,1,1,5,8,0,1,1,0,NULL,NULL,0,0,'2026-05-25 22:57:26','2026-05-27 17:09:52'),(6,1,1,6,8,0,1,1,0,NULL,NULL,0,0,'2026-05-25 22:57:26','2026-05-27 17:09:55'),(7,1,1,7,8,1,1,1,0,NULL,NULL,0,0,'2026-05-25 22:57:26','2026-05-25 22:57:26'),(8,1,1,8,8,1,1,1,0,NULL,NULL,0,0,'2026-05-25 22:57:26','2026-05-25 22:57:26'),(9,1,1,9,8,0,1,1,0,NULL,NULL,0,0,'2026-05-25 22:57:26','2026-05-27 17:09:59'),(10,1,1,10,8,0,1,1,0,NULL,NULL,0,0,'2026-05-25 22:57:26','2026-05-27 17:10:02'),(11,1,1,11,8,0,1,1,0,NULL,NULL,0,0,'2026-05-25 22:57:26','2026-05-27 17:12:08'),(12,1,1,12,8,0,1,1,0,NULL,NULL,0,0,'2026-05-25 22:57:26','2026-05-27 17:10:07'),(13,1,1,13,8,0,1,1,0,NULL,NULL,0,0,'2026-05-25 22:57:26','2026-05-27 17:10:10'),(14,1,1,14,8,0,1,1,0,NULL,NULL,0,0,'2026-05-25 22:57:26','2026-05-27 17:10:12'),(15,1,1,15,8,1,1,1,0,NULL,NULL,0,0,'2026-05-25 22:57:26','2026-05-25 22:57:26'),(16,1,1,16,8,1,1,1,0,NULL,NULL,0,0,'2026-05-25 22:57:26','2026-05-25 22:57:26'),(17,1,1,17,8,0,1,1,0,NULL,NULL,0,0,'2026-05-25 22:57:26','2026-05-27 17:10:17'),(18,1,1,18,8,1,1,1,0,NULL,NULL,0,0,'2026-05-25 22:57:26','2026-05-28 12:22:04'),(19,1,1,19,8,0,1,1,0,NULL,NULL,0,0,'2026-05-25 22:57:26','2026-05-27 17:10:22'),(20,1,1,20,8,0,1,1,0,NULL,NULL,0,0,'2026-05-25 22:57:26','2026-05-27 17:10:26'),(21,1,1,21,8,0,1,1,0,NULL,NULL,0,0,'2026-05-25 22:57:26','2026-05-27 17:10:29'),(22,1,1,22,8,0,1,1,0,NULL,NULL,0,0,'2026-05-25 22:57:26','2026-05-27 17:10:32'),(23,1,1,23,8,0,1,1,0,NULL,NULL,0,0,'2026-05-25 22:57:26','2026-05-27 17:10:35'),(25,1,1,25,8,0,1,1,0,NULL,NULL,0,0,'2026-05-25 22:57:26','2026-05-27 17:10:43'),(26,1,1,26,8,1,1,1,0,NULL,NULL,0,0,'2026-05-25 22:57:26','2026-05-25 22:57:26'),(27,1,1,27,8,1,1,1,0,NULL,NULL,0,0,'2026-05-25 22:57:26','2026-05-25 22:57:26'),(28,1,1,28,8,1,1,1,0,NULL,NULL,0,0,'2026-05-25 22:57:26','2026-05-25 22:57:26'),(29,1,1,29,8,0,1,1,0,NULL,NULL,0,0,'2026-05-25 22:57:26','2026-05-27 17:10:40'),(30,1,2,30,8,1,1,1,0,NULL,NULL,0,0,'2026-05-25 22:57:26','2026-05-25 22:57:26'),(31,1,2,31,8,1,1,1,0,NULL,NULL,0,0,'2026-05-25 22:57:26','2026-05-25 22:57:26'),(32,1,2,32,8,1,1,1,0,NULL,NULL,0,0,'2026-05-25 22:57:26','2026-05-25 22:57:26'),(33,1,2,33,8,1,1,1,0,NULL,NULL,0,0,'2026-05-25 22:57:26','2026-05-25 22:57:26'),(34,1,2,34,8,1,1,1,0,NULL,NULL,0,0,'2026-05-25 22:57:26','2026-05-25 22:57:26'),(35,1,2,35,8,1,1,1,0,NULL,NULL,0,0,'2026-05-25 22:57:26','2026-05-25 22:57:26'),(36,1,2,36,15,1,1,1,0,NULL,NULL,0,0,'2026-05-25 22:57:26','2026-06-10 21:45:39'),(37,1,2,37,8,1,1,1,0,NULL,NULL,0,0,'2026-05-25 22:57:26','2026-05-25 22:57:26'),(38,1,2,38,8,1,1,1,0,NULL,NULL,0,0,'2026-05-25 22:57:26','2026-05-25 22:57:26'),(40,1,2,40,8,1,1,1,0,NULL,NULL,0,0,'2026-05-25 22:57:26','2026-05-25 22:57:26'),(41,1,3,41,8,1,1,1,0,NULL,NULL,0,0,'2026-05-25 22:57:26','2026-05-25 22:57:26'),(42,1,3,42,8,1,1,1,0,NULL,NULL,0,0,'2026-05-25 22:57:26','2026-05-25 22:57:26'),(43,1,3,43,8,1,1,1,0,NULL,NULL,0,0,'2026-05-25 22:57:26','2026-05-25 22:57:26'),(44,1,3,44,8,1,1,1,0,NULL,NULL,0,0,'2026-05-25 22:57:26','2026-05-25 22:57:26'),(45,1,3,45,8,0,1,1,0,NULL,NULL,0,0,'2026-05-25 22:57:26','2026-06-10 20:28:30'),(46,1,3,46,12,1,1,1,0,NULL,NULL,0,0,'2026-05-25 22:57:26','2026-06-10 20:30:53'),(47,1,3,47,8,1,1,1,0,NULL,NULL,0,0,'2026-05-25 22:57:26','2026-05-25 22:57:26'),(48,1,3,48,8,1,1,1,0,NULL,NULL,0,0,'2026-05-25 22:57:26','2026-05-25 22:57:26'),(49,1,3,49,8,0,1,1,0,NULL,NULL,0,0,'2026-05-25 22:57:26','2026-06-10 20:28:43'),(50,1,3,50,8,0,1,1,0,NULL,NULL,0,0,'2026-05-25 22:57:26','2026-06-10 20:28:06'),(51,1,3,51,8,0,1,1,0,NULL,NULL,0,0,'2026-05-25 22:57:26','2026-06-10 20:27:54'),(52,1,3,52,8,0,1,1,0,NULL,NULL,0,0,'2026-05-25 22:57:26','2026-06-10 20:28:01'),(53,1,4,53,8,1,1,1,0,NULL,NULL,0,0,'2026-05-25 22:57:26','2026-05-25 22:57:26'),(54,1,4,54,8,1,1,1,0,NULL,NULL,0,0,'2026-05-25 22:57:26','2026-05-25 22:57:26'),(55,1,4,55,8,1,1,1,0,NULL,NULL,0,0,'2026-05-25 22:57:26','2026-05-25 22:57:26'),(56,1,4,56,8,1,1,1,0,NULL,NULL,0,0,'2026-05-25 22:57:26','2026-05-25 22:57:26'),(57,1,4,57,8,1,1,1,0,NULL,NULL,0,0,'2026-05-25 22:57:26','2026-05-25 22:57:26'),(58,1,5,58,8,1,1,1,0,NULL,NULL,0,0,'2026-05-25 22:57:26','2026-05-25 22:57:26'),(59,1,5,59,8,1,1,1,0,NULL,NULL,0,0,'2026-05-25 22:57:26','2026-05-25 22:57:26'),(60,1,5,60,8,1,1,1,0,NULL,NULL,0,0,'2026-05-25 22:57:26','2026-05-25 22:57:26'),(61,1,6,61,8,0,1,1,0,NULL,NULL,0,0,'2026-05-25 22:57:26','2026-05-27 17:11:09'),(62,1,6,62,8,0,1,1,0,NULL,NULL,0,0,'2026-05-25 22:57:26','2026-05-27 17:11:15'),(63,1,6,63,8,0,1,1,0,NULL,NULL,0,0,'2026-05-25 22:57:26','2026-05-27 17:11:19'),(64,1,6,64,8,0,1,1,0,NULL,NULL,0,0,'2026-05-25 22:57:26','2026-05-27 17:11:22'),(65,1,6,65,8,0,1,1,0,NULL,NULL,0,0,'2026-05-25 22:57:26','2026-05-27 17:11:25'),(66,1,6,66,8,0,1,1,0,NULL,NULL,0,0,'2026-05-25 22:57:26','2026-05-27 17:11:28'),(67,1,6,67,8,0,1,1,0,NULL,NULL,0,0,'2026-05-25 22:57:26','2026-05-27 17:11:32'),(68,1,6,68,8,0,1,1,0,NULL,NULL,0,0,'2026-05-25 22:57:26','2026-05-27 17:11:35'),(69,1,6,69,8,0,1,1,0,NULL,NULL,0,0,'2026-05-25 22:57:26','2026-05-27 17:11:39'),(70,1,6,70,8,0,1,1,0,NULL,NULL,0,0,'2026-05-25 22:57:26','2026-05-27 17:11:42'),(71,1,6,71,8,0,1,1,0,NULL,NULL,0,0,'2026-05-25 22:57:26','2026-05-27 17:11:45'),(72,1,6,72,8,0,1,1,0,NULL,NULL,0,0,'2026-05-25 22:57:26','2026-05-27 17:11:49'),(73,1,6,73,8,0,1,1,0,NULL,NULL,0,0,'2026-05-25 22:57:26','2026-05-27 17:11:52'),(74,1,1,24,8,0,1,1,0,NULL,NULL,0,0,'2026-05-27 15:12:07','2026-05-27 17:10:37'),(220,7,19,1,8,0,1,1,0,NULL,NULL,0,0,'2026-06-10 23:33:42','2026-06-10 23:33:42'),(221,7,19,2,8,0,1,1,0,NULL,NULL,0,0,'2026-06-10 23:33:42','2026-06-10 23:33:42'),(222,7,19,3,8,0,1,1,0,NULL,NULL,0,0,'2026-06-10 23:33:42','2026-06-10 23:33:42'),(223,7,19,4,8,0,1,1,0,NULL,NULL,0,0,'2026-06-10 23:33:42','2026-06-10 23:33:42'),(224,7,19,5,8,0,1,1,0,NULL,NULL,0,0,'2026-06-10 23:33:42','2026-06-10 23:33:42'),(225,7,19,6,8,0,1,1,0,NULL,NULL,0,0,'2026-06-10 23:33:42','2026-06-10 23:33:42'),(226,7,19,7,8,1,1,1,0,NULL,NULL,0,0,'2026-06-10 23:33:42','2026-06-10 23:33:42'),(227,7,19,8,8,1,1,1,0,NULL,NULL,0,0,'2026-06-10 23:33:42','2026-06-10 23:33:42'),(228,7,19,9,8,0,1,1,0,NULL,NULL,0,0,'2026-06-10 23:33:42','2026-06-10 23:33:42'),(229,7,19,10,8,0,1,1,0,NULL,NULL,0,0,'2026-06-10 23:33:42','2026-06-10 23:33:42'),(230,7,19,11,8,0,1,1,0,NULL,NULL,0,0,'2026-06-10 23:33:42','2026-06-10 23:33:42'),(231,7,19,12,8,0,1,1,0,NULL,NULL,0,0,'2026-06-10 23:33:42','2026-06-10 23:33:42'),(232,7,19,13,8,0,1,1,0,NULL,NULL,0,0,'2026-06-10 23:33:42','2026-06-10 23:33:42'),(233,7,19,14,8,0,1,1,0,NULL,NULL,0,0,'2026-06-10 23:33:42','2026-06-10 23:33:42'),(234,7,19,15,8,1,1,1,0,NULL,NULL,0,0,'2026-06-10 23:33:42','2026-06-10 23:33:42'),(235,7,19,16,8,1,1,1,0,NULL,NULL,0,0,'2026-06-10 23:33:42','2026-06-10 23:33:42'),(236,7,19,17,8,0,1,1,0,NULL,NULL,0,0,'2026-06-10 23:33:42','2026-06-10 23:33:42'),(237,7,19,18,8,1,1,1,0,NULL,NULL,0,0,'2026-06-10 23:33:42','2026-06-10 23:33:42'),(238,7,19,19,8,0,1,1,0,NULL,NULL,0,0,'2026-06-10 23:33:42','2026-06-10 23:33:42'),(239,7,19,20,8,0,1,1,0,NULL,NULL,0,0,'2026-06-10 23:33:42','2026-06-10 23:33:42'),(240,7,19,21,8,0,1,1,0,NULL,NULL,0,0,'2026-06-10 23:33:42','2026-06-10 23:33:42'),(241,7,19,22,8,0,1,1,0,NULL,NULL,0,0,'2026-06-10 23:33:42','2026-06-10 23:33:42'),(242,7,19,23,8,0,1,1,0,NULL,NULL,0,0,'2026-06-10 23:33:42','2026-06-10 23:33:42'),(243,7,19,24,8,0,1,1,0,NULL,NULL,0,0,'2026-06-10 23:33:42','2026-06-10 23:33:42'),(244,7,19,25,8,0,1,1,0,NULL,NULL,0,0,'2026-06-10 23:33:42','2026-06-10 23:33:42'),(245,7,19,26,8,1,1,1,0,NULL,NULL,0,0,'2026-06-10 23:33:42','2026-06-10 23:33:42'),(246,7,19,27,8,1,1,1,0,NULL,NULL,0,0,'2026-06-10 23:33:42','2026-06-10 23:33:42'),(247,7,19,28,8,1,1,1,0,NULL,NULL,0,0,'2026-06-10 23:33:42','2026-06-10 23:33:42'),(248,7,19,29,8,0,1,1,0,NULL,NULL,0,0,'2026-06-10 23:33:42','2026-06-10 23:33:42'),(249,7,20,30,8,1,1,1,0,NULL,NULL,0,0,'2026-06-10 23:33:42','2026-06-10 23:33:42'),(250,7,20,31,8,1,1,1,0,NULL,NULL,0,0,'2026-06-10 23:33:42','2026-06-10 23:33:42'),(251,7,20,32,8,1,1,1,0,NULL,NULL,0,0,'2026-06-10 23:33:42','2026-06-10 23:33:42'),(252,7,20,33,8,1,1,1,0,NULL,NULL,0,0,'2026-06-10 23:33:42','2026-06-10 23:33:42'),(253,7,20,34,8,1,1,1,0,NULL,NULL,0,0,'2026-06-10 23:33:42','2026-06-10 23:33:42'),(254,7,20,35,8,1,1,1,0,NULL,NULL,0,0,'2026-06-10 23:33:42','2026-06-10 23:33:42'),(255,7,20,36,15,1,1,1,0,NULL,NULL,0,0,'2026-06-10 23:33:42','2026-06-10 23:33:42'),(256,7,20,37,8,1,1,1,0,NULL,NULL,0,0,'2026-06-10 23:33:42','2026-06-10 23:33:42'),(257,7,20,38,8,1,1,1,0,NULL,NULL,0,0,'2026-06-10 23:33:42','2026-06-10 23:33:42'),(258,7,20,40,8,1,1,1,0,NULL,NULL,0,0,'2026-06-10 23:33:42','2026-06-10 23:33:42'),(259,7,21,41,8,1,1,1,0,NULL,NULL,0,0,'2026-06-10 23:33:42','2026-06-10 23:33:42'),(260,7,21,42,8,1,1,1,0,NULL,NULL,0,0,'2026-06-10 23:33:42','2026-06-10 23:33:42'),(261,7,21,43,8,1,1,1,0,NULL,NULL,0,0,'2026-06-10 23:33:42','2026-06-10 23:33:42'),(262,7,21,44,8,1,1,1,0,NULL,NULL,0,0,'2026-06-10 23:33:42','2026-06-10 23:33:42'),(263,7,21,45,8,0,1,1,0,NULL,NULL,0,0,'2026-06-10 23:33:42','2026-06-10 23:33:42'),(264,7,21,46,12,1,1,1,0,NULL,NULL,0,0,'2026-06-10 23:33:42','2026-06-10 23:33:42'),(265,7,21,47,8,1,1,1,0,NULL,NULL,0,0,'2026-06-10 23:33:42','2026-06-10 23:33:42'),(266,7,21,48,8,1,1,1,0,NULL,NULL,0,0,'2026-06-10 23:33:42','2026-06-10 23:33:42'),(267,7,21,49,8,0,1,1,0,NULL,NULL,0,0,'2026-06-10 23:33:42','2026-06-10 23:33:42'),(268,7,21,50,8,0,1,1,0,NULL,NULL,0,0,'2026-06-10 23:33:42','2026-06-10 23:33:42'),(269,7,21,51,8,0,1,1,0,NULL,NULL,0,0,'2026-06-10 23:33:42','2026-06-10 23:33:42'),(270,7,21,52,8,0,1,1,0,NULL,NULL,0,0,'2026-06-10 23:33:42','2026-06-10 23:33:42'),(271,7,22,53,8,1,1,1,0,NULL,NULL,0,0,'2026-06-10 23:33:42','2026-06-10 23:33:42'),(272,7,22,54,8,1,1,1,0,NULL,NULL,0,0,'2026-06-10 23:33:42','2026-06-10 23:33:42'),(273,7,22,55,8,1,1,1,0,NULL,NULL,0,0,'2026-06-10 23:33:42','2026-06-10 23:33:42'),(274,7,22,56,8,1,1,1,0,NULL,NULL,0,0,'2026-06-10 23:33:42','2026-06-10 23:33:42'),(275,7,22,57,8,1,1,1,0,NULL,NULL,0,0,'2026-06-10 23:33:42','2026-06-10 23:33:42'),(276,7,23,58,8,1,1,1,0,NULL,NULL,0,0,'2026-06-10 23:33:42','2026-06-10 23:33:42'),(277,7,23,59,8,1,1,1,0,NULL,NULL,0,0,'2026-06-10 23:33:42','2026-06-10 23:33:42'),(278,7,23,60,8,1,1,1,0,NULL,NULL,0,0,'2026-06-10 23:33:42','2026-06-10 23:33:42'),(279,7,24,61,8,0,1,1,0,NULL,NULL,0,0,'2026-06-10 23:33:42','2026-06-10 23:33:42'),(280,7,24,62,8,0,1,1,0,NULL,NULL,0,0,'2026-06-10 23:33:42','2026-06-10 23:33:42'),(281,7,24,63,8,0,1,1,0,NULL,NULL,0,0,'2026-06-10 23:33:42','2026-06-10 23:33:42'),(282,7,24,64,8,0,1,1,0,NULL,NULL,0,0,'2026-06-10 23:33:42','2026-06-10 23:33:42'),(283,7,24,65,8,0,1,1,0,NULL,NULL,0,0,'2026-06-10 23:33:42','2026-06-10 23:33:42'),(284,7,24,66,8,0,1,1,0,NULL,NULL,0,0,'2026-06-10 23:33:42','2026-06-10 23:33:42'),(285,7,24,67,8,0,1,1,0,NULL,NULL,0,0,'2026-06-10 23:33:42','2026-06-10 23:33:42'),(286,7,24,68,8,0,1,1,0,NULL,NULL,0,0,'2026-06-10 23:33:42','2026-06-10 23:33:42'),(287,7,24,69,8,0,1,1,0,NULL,NULL,0,0,'2026-06-10 23:33:42','2026-06-10 23:33:42'),(288,7,24,70,8,0,1,1,0,NULL,NULL,0,0,'2026-06-10 23:33:42','2026-06-10 23:33:42'),(289,7,24,71,8,0,1,1,0,NULL,NULL,0,0,'2026-06-10 23:33:42','2026-06-10 23:33:42'),(290,7,24,72,8,0,1,1,0,NULL,NULL,0,0,'2026-06-10 23:33:42','2026-06-10 23:33:42'),(291,7,24,73,8,0,1,1,0,NULL,NULL,0,0,'2026-06-10 23:33:42','2026-06-10 23:33:42');
/*!40000 ALTER TABLE `venue_tables` ENABLE KEYS */;
UNLOCK TABLES;

--
-- Table structure for table `venues`
--

DROP TABLE IF EXISTS `venues`;
/*!40101 SET @saved_cs_client     = @@character_set_client */;
/*!40101 SET character_set_client = utf8 */;
CREATE TABLE `venues` (
  `id` int(11) NOT NULL AUTO_INCREMENT,
  `account_id` int(11) NOT NULL,
  `name` varchar(160) NOT NULL,
  `slug` varchar(120) NOT NULL,
  `timezone` varchar(80) NOT NULL DEFAULT 'Australia/Sydney',
  `address` varchar(255) DEFAULT NULL,
  `phone` varchar(40) DEFAULT NULL,
  `email` varchar(160) DEFAULT NULL,
  `active` tinyint(1) NOT NULL DEFAULT 1,
  `created_at` datetime NOT NULL,
  `updated_at` datetime NOT NULL,
  PRIMARY KEY (`id`),
  UNIQUE KEY `slug` (`slug`),
  KEY `idx_venues_account` (`account_id`)
) ENGINE=InnoDB AUTO_INCREMENT=8 DEFAULT CHARSET=utf8mb4 COLLATE=utf8mb4_unicode_ci;
/*!40101 SET character_set_client = @saved_cs_client */;

--
-- Dumping data for table `venues`
--

LOCK TABLES `venues` WRITE;
/*!40000 ALTER TABLE `venues` DISABLE KEYS */;
INSERT INTO `venues` VALUES (1,1,'Old Canberra Inn','old-canberra-inn','Australia/Sydney','','(02) 6134 6000','manager@oldcanberrainn.com.au',1,'2026-06-10 22:01:02','2026-06-10 22:01:02'),(4,3,'Test Venue','test-venue','Australia/Sydney','123 Buck Street','0499785548','zengodbomb@gmail.com',1,'2026-06-10 23:06:40','2026-06-10 23:06:40'),(7,1,'Venue 2 Test','venue-2-test','Australia/Sydney','90 Onkaparinga Cr, Kaleen , ACT','0499785548','dohaibinh.26072000@gmail.com',1,'2026-06-10 23:33:42','2026-06-10 23:33:42');
/*!40000 ALTER TABLE `venues` ENABLE KEYS */;
UNLOCK TABLES;

--
-- Dumping routines for database 'resrva'
--
/*!40103 SET TIME_ZONE=@OLD_TIME_ZONE */;

/*!40101 SET SQL_MODE=@OLD_SQL_MODE */;
/*!40014 SET FOREIGN_KEY_CHECKS=@OLD_FOREIGN_KEY_CHECKS */;
/*!40014 SET UNIQUE_CHECKS=@OLD_UNIQUE_CHECKS */;
/*!40101 SET CHARACTER_SET_CLIENT=@OLD_CHARACTER_SET_CLIENT */;
/*!40101 SET CHARACTER_SET_RESULTS=@OLD_CHARACTER_SET_RESULTS */;
/*!40101 SET COLLATION_CONNECTION=@OLD_COLLATION_CONNECTION */;
/*!40111 SET SQL_NOTES=@OLD_SQL_NOTES */;

-- Dump completed on 2026-06-12 20:04:16
